[{"pk": 1, "model": "south.migrationhistory", "fields": {"applied": "2015-01-21T16:40:43.870Z", "app_name": "django_notify", "migration": "0001_initial"}}, {"pk": 2, "model": "south.migrationhistory", "fields": {"applied": "2015-01-21T16:40:43.923Z", "app_name": "django_notify", "migration": "0002_auto__add_field_notification_occurrences"}}, {"pk": 3, "model": "south.migrationhistory", "fields": {"applied": "2015-01-21T16:40:43.979Z", "app_name": "django_notify", "migration": "0003_auto__add_field_subscription_latest"}}, {"pk": 4, "model": "south.migrationhistory", "fields": {"applied": "2015-01-21T16:40:44.036Z", "app_name": "django_notify", "migration": "0004_auto__chg_field_notification_url"}}, {"pk": 5, "model": "south.migrationhistory", "fields": {"applied": "2015-01-21T16:40:44.240Z", "app_name": "captcha", "migration": "0001_initial"}}, {"pk": 6, "model": "south.migrationhistory", "fields": {"applied": "2015-01-21T16:40:44.488Z", "app_name": "watson", "migration": "0001_initial"}}, {"pk": 7, "model": "south.migrationhistory", "fields": {"applied": "2015-01-21T16:40:44.522Z", "app_name": "watson", "migration": "0002_installwatson"}}, {"pk": 8, "model": "south.migrationhistory", "fields": {"applied": "2015-01-21T16:40:44.746Z", "app_name": "reversion", "migration": "0001_initial"}}, {"pk": 9, "model": "south.migrationhistory", "fields": {"applied": "2015-01-21T16:40:44.806Z", "app_name": "reversion", "migration": "0002_auto__add_field_version_type"}}, {"pk": 10, "model": "south.migrationhistory", "fields": {"applied": "2015-01-21T16:40:44.861Z", "app_name": "reversion", "migration": "0003_auto__add_field_version_object_id_int"}}, {"pk": 11, "model": "south.migrationhistory", "fields": {"applied": "2015-01-21T16:40:44.879Z", "app_name": "reversion", "migration": "0004_populate_object_id_int"}}, {"pk": 12, "model": "south.migrationhistory", "fields": {"applied": "2015-01-21T16:40:44.930Z", "app_name": "reversion", "migration": "0005_auto__add_field_revision_manager_slug"}}, {"pk": 13, "model": "south.migrationhistory", "fields": {"applied": "2015-01-21T16:40:44.953Z", "app_name": "reversion", "migration": "0006_remove_delete_revisions"}}, {"pk": 14, "model": "south.migrationhistory", "fields": {"applied": "2015-01-21T16:40:45.008Z", "app_name": "reversion", "migration": "0007_auto__del_field_version_type"}}, {"pk": 15, "model": "south.migrationhistory", "fields": {"applied": "2015-01-21T16:40:45.252Z", "app_name": "approval", "migration": "0001_initial"}}, {"pk": 16, "model": "south.migrationhistory", "fields": {"applied": "2015-01-21T16:40:45.579Z", "app_name": "authentication", "migration": "0001_initial"}}, {"pk": 17, "model": "south.migrationhistory", "fields": {"applied": "2015-01-21T16:40:45.661Z", "app_name": "article", "migration": "0001_initial"}}, {"pk": 18, "model": "south.migrationhistory", "fields": {"applied": "2015-01-21T16:40:45.778Z", "app_name": "article", "migration": "0002_auto__chg_field_article_ingress__chg_field_article_ingress_short__chg_"}}, {"pk": 19, "model": "south.migrationhistory", "fields": {"applied": "2015-01-21T16:40:45.867Z", "app_name": "article", "migration": "0003_auto__chg_field_article_ingress__chg_field_article_ingress_short"}}, {"pk": 20, "model": "south.migrationhistory", "fields": {"applied": "2015-01-21T16:40:45.927Z", "app_name": "article", "migration": "0004_auto__chg_field_article_ingress"}}, {"pk": 21, "model": "south.migrationhistory", "fields": {"applied": "2015-01-21T16:40:46.014Z", "app_name": "article", "migration": "0005_auto__add_field_article_additional_authors__add_field_article_photogra"}}, {"pk": 22, "model": "south.migrationhistory", "fields": {"applied": "2015-01-21T16:40:46.104Z", "app_name": "article", "migration": "0006_auto__del_field_article_photographs__add_field_article_photographers"}}, {"pk": 23, "model": "south.migrationhistory", "fields": {"applied": "2015-01-21T16:40:46.426Z", "app_name": "authentication", "migration": "0002_auto__add_field_onlineuser_nickname__add_field_onlineuser_website__add"}}, {"pk": 24, "model": "south.migrationhistory", "fields": {"applied": "2015-01-21T16:40:46.468Z", "app_name": "authentication", "migration": "0003_auto__chg_field_onlineuser_image"}}, {"pk": 25, "model": "south.migrationhistory", "fields": {"applied": "2015-01-21T16:40:46.504Z", "app_name": "authentication", "migration": "0004_auto__add_allowedusername"}}, {"pk": 26, "model": "south.migrationhistory", "fields": {"applied": "2015-01-21T16:40:46.549Z", "app_name": "authentication", "migration": "0005_auto__add_field_allowedusername_description"}}, {"pk": 27, "model": "south.migrationhistory", "fields": {"applied": "2015-01-21T16:40:46.594Z", "app_name": "authentication", "migration": "0006_auto__add_field_onlineuser_email_alternate"}}, {"pk": 28, "model": "south.migrationhistory", "fields": {"applied": "2015-01-21T16:40:46.646Z", "app_name": "authentication", "migration": "0007_auto__del_field_onlineuser_email_alternate"}}, {"pk": 29, "model": "south.migrationhistory", "fields": {"applied": "2015-01-21T16:40:46.683Z", "app_name": "authentication", "migration": "0008_auto__add_email"}}, {"pk": 30, "model": "south.migrationhistory", "fields": {"applied": "2015-01-21T16:40:46.790Z", "app_name": "authentication", "migration": "0009_auto__del_field_email_active__add_field_email_primary__add_field_email"}}, {"pk": 31, "model": "south.migrationhistory", "fields": {"applied": "2015-01-21T16:40:46.859Z", "app_name": "authentication", "migration": "0010_auto__chg_field_allowedusername_description__chg_field_onlineuser_webs"}}, {"pk": 32, "model": "south.migrationhistory", "fields": {"applied": "2015-01-21T16:40:46.903Z", "app_name": "authentication", "migration": "0011_auto__add_unique_allowedusername_username__add_unique_onlineuser_ntnu_"}}, {"pk": 33, "model": "south.migrationhistory", "fields": {"applied": "2015-01-21T16:40:46.956Z", "app_name": "authentication", "migration": "0012_auto__add_field_onlineuser_gender"}}, {"pk": 34, "model": "south.migrationhistory", "fields": {"applied": "2015-01-21T16:40:46.979Z", "app_name": "authentication", "migration": "0013_delete_old_image_paths"}}, {"pk": 35, "model": "south.migrationhistory", "fields": {"applied": "2015-01-21T16:40:47.009Z", "app_name": "authentication", "migration": "0014_set_primary_emails"}}, {"pk": 36, "model": "south.migrationhistory", "fields": {"applied": "2015-01-21T16:40:47.039Z", "app_name": "authentication", "migration": "0015_normalize_emails_and_ntnu_usernames"}}, {"pk": 37, "model": "south.migrationhistory", "fields": {"applied": "2015-01-21T16:40:47.090Z", "app_name": "authentication", "migration": "0016_auto__del_field_onlineuser_image"}}, {"pk": 38, "model": "south.migrationhistory", "fields": {"applied": "2015-01-21T16:40:47.114Z", "app_name": "authentication", "migration": "0017_set_primary_emails"}}, {"pk": 39, "model": "south.migrationhistory", "fields": {"applied": "2015-01-21T16:40:47.158Z", "app_name": "authentication", "migration": "0018_auto__add_position"}}, {"pk": 40, "model": "south.migrationhistory", "fields": {"applied": "2015-01-21T16:40:47.218Z", "app_name": "authentication", "migration": "0019_auto__del_field_position_present"}}, {"pk": 41, "model": "south.migrationhistory", "fields": {"applied": "2015-01-21T16:40:47.317Z", "app_name": "authentication", "migration": "0020_auto__del_field_position_start_year__del_field_position_end_year__add_"}}, {"pk": 42, "model": "south.migrationhistory", "fields": {"applied": "2015-01-21T16:40:47.370Z", "app_name": "authentication", "migration": "0021_auto__chg_field_position_period"}}, {"pk": 43, "model": "south.migrationhistory", "fields": {"applied": "2015-01-21T16:40:47.422Z", "app_name": "authentication", "migration": "0022_auto__chg_field_onlineuser_address"}}, {"pk": 44, "model": "south.migrationhistory", "fields": {"applied": "2015-01-21T16:40:47.471Z", "app_name": "authentication", "migration": "0023_auto__add_specialposition"}}, {"pk": 45, "model": "south.migrationhistory", "fields": {"applied": "2015-01-21T16:40:47.714Z", "app_name": "companyprofile", "migration": "0001_initial"}}, {"pk": 46, "model": "south.migrationhistory", "fields": {"applied": "2015-01-21T16:40:47.743Z", "app_name": "careeropportunity", "migration": "0001_initial"}}, {"pk": 47, "model": "south.migrationhistory", "fields": {"applied": "2015-01-21T16:40:47.781Z", "app_name": "careeropportunity", "migration": "0002_auto__add_field_careeropportunity_featured"}}, {"pk": 48, "model": "south.migrationhistory", "fields": {"applied": "2015-01-21T16:40:47.996Z", "app_name": "companyprofile", "migration": "0002_auto__add_field_company_image"}}, {"pk": 49, "model": "south.migrationhistory", "fields": {"applied": "2015-01-21T16:40:48.026Z", "app_name": "companyprofile", "migration": "0003_auto__chg_field_company_phone_number"}}, {"pk": 50, "model": "south.migrationhistory", "fields": {"applied": "2015-01-21T16:40:48.059Z", "app_name": "companyprofile", "migration": "0004_auto__chg_field_company_site"}}, {"pk": 51, "model": "south.migrationhistory", "fields": {"applied": "2015-01-21T16:40:48.452Z", "app_name": "events", "migration": "0001_initial"}}, {"pk": 52, "model": "south.migrationhistory", "fields": {"applied": "2015-01-21T16:40:48.522Z", "app_name": "events", "migration": "0002_auto__chg_field_event_image"}}, {"pk": 53, "model": "south.migrationhistory", "fields": {"applied": "2015-01-21T16:40:48.604Z", "app_name": "events", "migration": "0003_auto__add_field_attendee_paid"}}, {"pk": 54, "model": "south.migrationhistory", "fields": {"applied": "2015-01-21T16:40:48.671Z", "app_name": "events", "migration": "0004_auto__add_field_attendanceevent_unattend_deadline"}}, {"pk": 55, "model": "south.migrationhistory", "fields": {"applied": "2015-01-21T16:40:48.747Z", "app_name": "events", "migration": "0005_auto__chg_field_event_title"}}, {"pk": 56, "model": "south.migrationhistory", "fields": {"applied": "2015-01-21T16:40:48.855Z", "app_name": "events", "migration": "0006_auto__add_field_attendanceevent_guest_attendance__add_field_attendee_n"}}, {"pk": 57, "model": "south.migrationhistory", "fields": {"applied": "2015-01-21T16:40:48.927Z", "app_name": "events", "migration": "0007_auto__add_reservation__add_reservee"}}, {"pk": 58, "model": "south.migrationhistory", "fields": {"applied": "2015-01-21T16:40:49.014Z", "app_name": "events", "migration": "0008_auto__add_field_attendanceevent_automatically_set_marks__add_field_att"}}, {"pk": 59, "model": "south.migrationhistory", "fields": {"applied": "2015-01-21T16:40:49.425Z", "app_name": "marks", "migration": "0001_initial"}}, {"pk": 60, "model": "south.migrationhistory", "fields": {"applied": "2015-01-21T16:40:49.514Z", "app_name": "marks", "migration": "0002_auto__chg_field_mark_given_by__chg_field_mark_last_changed_by"}}, {"pk": 61, "model": "south.migrationhistory", "fields": {"applied": "2015-01-21T16:40:49.640Z", "app_name": "marks", "migration": "0003_auto__del_field_mark_mark_added_date__add_field_mark_added_date__add_f"}}, {"pk": 62, "model": "south.migrationhistory", "fields": {"applied": "2015-01-21T16:40:49.730Z", "app_name": "marks", "migration": "0004_auto__chg_field_mark_title__chg_field_mark_description"}}, {"pk": 63, "model": "south.migrationhistory", "fields": {"applied": "2015-01-21T16:40:49.932Z", "app_name": "offline", "migration": "0001_initial"}}, {"pk": 64, "model": "south.migrationhistory", "fields": {"applied": "2015-01-21T16:40:49.969Z", "app_name": "offline", "migration": "0002_auto__chg_field_issue_release_date"}}, {"pk": 65, "model": "south.migrationhistory", "fields": {"applied": "2015-01-21T16:40:50.000Z", "app_name": "offline", "migration": "0003_auto__del_field_issue_thumb"}}, {"pk": 66, "model": "south.migrationhistory", "fields": {"applied": "2015-01-21T16:40:50.020Z", "app_name": "offline", "migration": "0004_auto__add_offline"}}, {"pk": 67, "model": "south.migrationhistory", "fields": {"applied": "2015-01-21T16:40:50.059Z", "app_name": "offline", "migration": "0005_auto__chg_field_issue_description"}}, {"pk": 68, "model": "south.migrationhistory", "fields": {"applied": "2015-01-21T16:40:50.081Z", "app_name": "offline", "migration": "0006_auto__del_offline"}}, {"pk": 69, "model": "south.migrationhistory", "fields": {"applied": "2015-01-21T16:40:50.469Z", "app_name": "feedback", "migration": "0001_initial"}}, {"pk": 70, "model": "south.migrationhistory", "fields": {"applied": "2015-01-21T16:40:50.550Z", "app_name": "feedback", "migration": "0002_add_date"}}, {"pk": 71, "model": "south.migrationhistory", "fields": {"applied": "2015-01-21T16:40:50.625Z", "app_name": "feedback", "migration": "0003_add_active"}}, {"pk": 72, "model": "south.migrationhistory", "fields": {"applied": "2015-01-21T16:40:50.695Z", "app_name": "feedback", "migration": "0004_auto__add_field_feedbackrelation_penalty"}}, {"pk": 73, "model": "south.migrationhistory", "fields": {"applied": "2015-01-21T16:40:50.802Z", "app_name": "feedback", "migration": "0005_auto__del_field_feedbackrelation_penalty__add_field_feedbackrelation_g"}}, {"pk": 74, "model": "south.migrationhistory", "fields": {"applied": "2015-01-21T16:40:50.990Z", "app_name": "feedback", "migration": "0006_auto__add_field_feedbackrelation_created_date"}}, {"pk": 75, "model": "south.migrationhistory", "fields": {"applied": "2015-01-21T16:40:51.050Z", "app_name": "feedback", "migration": "0007_auto__chg_field_feedback_author"}}, {"pk": 76, "model": "south.migrationhistory", "fields": {"applied": "2015-01-21T16:40:51.119Z", "app_name": "feedback", "migration": "0008_auto__del_fieldofstudyquestion__del_field_fieldofstudyanswer_question"}}, {"pk": 77, "model": "south.migrationhistory", "fields": {"applied": "2015-01-21T16:40:51.180Z", "app_name": "feedback", "migration": "0009_auto__add_registertoken"}}, {"pk": 78, "model": "south.migrationhistory", "fields": {"applied": "2015-01-21T16:40:51.221Z", "app_name": "feedback", "migration": "0010_create_tokens"}}, {"pk": 79, "model": "south.migrationhistory", "fields": {"applied": "2015-01-21T16:40:51.320Z", "app_name": "feedback", "migration": "0011_auto__add_field_textquestion_display__add_field_ratingquestion_display"}}, {"pk": 80, "model": "south.migrationhistory", "fields": {"applied": "2015-01-21T16:40:51.386Z", "app_name": "feedback", "migration": "0012_auto__add_field_feedback_display_field_of_study"}}, {"pk": 81, "model": "south.migrationhistory", "fields": {"applied": "2015-01-21T16:40:51.485Z", "app_name": "feedback", "migration": "0013_auto__add_multiplechoicequestion__add_choice__add_multiplechoiceanswer"}}, {"pk": 82, "model": "south.migrationhistory", "fields": {"applied": "2015-01-21T16:40:51.616Z", "app_name": "feedback", "migration": "0014_auto__add_multiplechoicerelation__del_field_multiplechoicequestion_ord"}}, {"pk": 83, "model": "south.migrationhistory", "fields": {"applied": "2015-01-21T16:40:51.682Z", "app_name": "feedback", "migration": "0015_auto__add_field_multiplechoicerelation_display__add_field_feedback_dis"}}, {"pk": 84, "model": "south.migrationhistory", "fields": {"applied": "2015-01-21T16:40:51.774Z", "app_name": "feedback", "migration": "0016_auto__add_field_feedbackrelation_first_mail_sent"}}, {"pk": 85, "model": "south.migrationhistory", "fields": {"applied": "2015-01-21T16:40:51.859Z", "app_name": "feedback", "migration": "0017_auto__add_field_feedback_display_info"}}, {"pk": 86, "model": "south.migrationhistory", "fields": {"applied": "2015-01-21T16:40:52.153Z", "app_name": "profiles", "migration": "0001_initial"}}, {"pk": 87, "model": "south.migrationhistory", "fields": {"applied": "2015-01-21T16:40:52.205Z", "app_name": "profiles", "migration": "0002_auto__chg_field_privacy_expose_phone_number"}}, {"pk": 88, "model": "south.migrationhistory", "fields": {"applied": "2015-01-21T16:40:52.249Z", "app_name": "profiles", "migration": "0003_auto__del_field_privacy_expose_phone_number"}}, {"pk": 89, "model": "south.migrationhistory", "fields": {"applied": "2015-01-21T16:40:52.297Z", "app_name": "profiles", "migration": "0004_auto__add_field_privacy_expose_phone_number"}}, {"pk": 90, "model": "south.migrationhistory", "fields": {"applied": "2015-01-21T16:40:52.419Z", "app_name": "profiles", "migration": "0005_auto__del_field_privacy_expose_first_name__del_field_privacy_expose_la"}}, {"pk": 91, "model": "south.migrationhistory", "fields": {"applied": "2015-01-21T16:40:52.489Z", "app_name": "profiles", "migration": "0006_auto__del_field_privacy_expose_username__add_field_privacy_expose_nick"}}, {"pk": 92, "model": "south.migrationhistory", "fields": {"applied": "2015-01-21T16:40:52.796Z", "app_name": "genfors", "migration": "0001_initial"}}, {"pk": 93, "model": "south.migrationhistory", "fields": {"applied": "2015-01-21T16:40:52.857Z", "app_name": "genfors", "migration": "0002_auto__add_field_question_only_show_winner"}}, {"pk": 94, "model": "south.migrationhistory", "fields": {"applied": "2015-01-21T16:40:53.107Z", "app_name": "genfors", "migration": "0003_auto__add_anonymousvoter__add_abstractvoter__chg_field_abstractvote_vo"}}, {"pk": 95, "model": "south.migrationhistory", "fields": {"applied": "2015-01-21T16:40:53.165Z", "app_name": "genfors", "migration": "0004_auto__add_field_abstractvoter_timestamp"}}, {"pk": 96, "model": "south.migrationhistory", "fields": {"applied": "2015-01-21T16:40:53.234Z", "app_name": "genfors", "migration": "0005_auto__add_field_question_majority_type"}}, {"pk": 97, "model": "south.migrationhistory", "fields": {"applied": "2015-01-21T16:40:53.299Z", "app_name": "genfors", "migration": "0006_auto__del_field_question_result"}}, {"pk": 98, "model": "south.migrationhistory", "fields": {"applied": "2015-01-21T16:40:53.361Z", "app_name": "genfors", "migration": "0007_auto__add_field_meeting_pin"}}, {"pk": 99, "model": "south.migrationhistory", "fields": {"applied": "2015-01-21T16:40:53.432Z", "app_name": "genfors", "migration": "0008_auto__add_field_question_total_voters"}}, {"pk": 100, "model": "south.migrationhistory", "fields": {"applied": "2015-01-21T16:40:53.499Z", "app_name": "genfors", "migration": "0009_auto__add_result"}}, {"pk": 101, "model": "south.migrationhistory", "fields": {"applied": "2015-01-21T16:40:53.962Z", "app_name": "wiki", "migration": "0001_initial"}}, {"pk": 102, "model": "south.migrationhistory", "fields": {"applied": "2015-01-21T16:40:54.028Z", "app_name": "wiki", "migration": "0002_auto__add_field_articleplugin_created"}}, {"pk": 103, "model": "south.migrationhistory", "fields": {"applied": "2015-01-21T16:40:54.136Z", "app_name": "wiki", "migration": "0003_auto__add_field_urlpath_article"}}, {"pk": 104, "model": "south.migrationhistory", "fields": {"applied": "2015-01-21T16:40:54.172Z", "app_name": "wiki", "migration": "0004_populate_urlpath__article"}}, {"pk": 105, "model": "south.migrationhistory", "fields": {"applied": "2015-01-21T16:40:54.279Z", "app_name": "wiki", "migration": "0005_auto__chg_field_urlpath_article"}}, {"pk": 106, "model": "south.migrationhistory", "fields": {"applied": "2015-01-21T16:40:54.369Z", "app_name": "wiki", "migration": "0006_auto__add_attachmentrevision__add_image__add_attachment"}}, {"pk": 107, "model": "south.migrationhistory", "fields": {"applied": "2015-01-21T16:40:54.431Z", "app_name": "wiki", "migration": "0007_auto__add_articlesubscription"}}, {"pk": 108, "model": "south.migrationhistory", "fields": {"applied": "2015-01-21T16:40:54.606Z", "app_name": "wiki", "migration": "0008_auto__add_simpleplugin__add_revisionpluginrevision__add_imagerevision_"}}, {"pk": 109, "model": "south.migrationhistory", "fields": {"applied": "2015-01-21T16:40:54.713Z", "app_name": "wiki", "migration": "0009_auto__add_field_imagerevision_width__add_field_imagerevision_height"}}, {"pk": 110, "model": "south.migrationhistory", "fields": {"applied": "2015-01-21T16:40:54.799Z", "app_name": "wiki", "migration": "0010_auto__chg_field_imagerevision_image"}}, {"pk": 111, "model": "south.migrationhistory", "fields": {"applied": "2015-01-21T16:40:54.907Z", "app_name": "wiki", "migration": "0011_auto__chg_field_imagerevision_width__chg_field_imagerevision_height"}}, {"pk": 112, "model": "south.migrationhistory", "fields": {"applied": "2015-01-21T16:40:55.166Z", "app_name": "wiki", "migration": "0012_auto__chg_field_attachmentrevision_user__chg_field_attachmentrevision_"}}, {"pk": 113, "model": "south.migrationhistory", "fields": {"applied": "2015-01-21T16:40:55.336Z", "app_name": "wiki", "migration": "0013_auto__chg_field_attachmentrevision_previous_revision__chg_field_revisi"}}, {"pk": 114, "model": "south.migrationhistory", "fields": {"applied": "2015-01-21T16:40:55.824Z", "app_name": "attachments", "migration": "0001_initial"}}, {"pk": 115, "model": "south.migrationhistory", "fields": {"applied": "2015-01-21T16:40:56.022Z", "app_name": "notifications", "migration": "0001_initial"}}, {"pk": 116, "model": "south.migrationhistory", "fields": {"applied": "2015-01-21T16:40:56.036Z", "app_name": "notifications", "migration": "0002_auto__del_articlesubscription"}}, {"pk": 117, "model": "south.migrationhistory", "fields": {"applied": "2015-01-21T16:40:56.244Z", "app_name": "images", "migration": "0001_initial"}}, {"pk": 118, "model": "south.migrationhistory", "fields": {"applied": "2015-02-11T18:23:15.868Z", "app_name": "inventory", "migration": "0001_initial"}}, {"pk": 119, "model": "south.migrationhistory", "fields": {"applied": "2015-02-11T18:23:16.231Z", "app_name": "payment", "migration": "0001_initial"}}, {"pk": 120, "model": "south.migrationhistory", "fields": {"applied": "2015-02-11T18:23:17.498Z", "app_name": "guardian", "migration": "0001_initial"}}, {"pk": 121, "model": "south.migrationhistory", "fields": {"applied": "2015-02-11T18:23:17.637Z", "app_name": "guardian", "migration": "0002_auto__add_field_groupobjectpermission_object_pk__add_field_userobjectp"}}, {"pk": 122, "model": "south.migrationhistory", "fields": {"applied": "2015-02-11T18:23:17.661Z", "app_name": "guardian", "migration": "0003_update_objectpermission_object_pk"}}, {"pk": 123, "model": "south.migrationhistory", "fields": {"applied": "2015-02-11T18:23:17.949Z", "app_name": "guardian", "migration": "0004_auto__del_field_groupobjectpermission_object_id__del_unique_groupobjec"}}, {"pk": 124, "model": "south.migrationhistory", "fields": {"applied": "2015-02-11T18:23:18.092Z", "app_name": "guardian", "migration": "0005_auto__chg_field_groupobjectpermission_object_pk__chg_field_userobjectp"}}, {"pk": 18, "model": "chunks.chunk", "fields": {"content": "Offline er Online sitt eget tidsskrift og s\u00e5 dagens lys i mars 2011. Profil- og aviskomiteen st\u00e5r for det grafiske og redaksjonelle ansvaret, og har i tillegg eksterne skribenter i andre deler av Online.", "description": "", "key": "offline_ingress"}}, {"pk": 19, "model": "chunks.chunk", "fields": {"content": "Offline gis ut to ganger i semesteret og inneholder en fin blanding av underholdende og opplysende saker myntet p\u00e5 informatikkstudenter.\r\n\r\n\u00d8nsker du \u00e5 abonnere p\u00e5 magasinet og f\u00e5 tilsendt papirutgaven i posten kan du g\u00e5 inn \u00e5 registrere deg gjennom v\u00e5rt googleskjema: [Bestillingsskjema](http://goo.gl/wksFS)\r\n\r\nEllers finner du alle utgavene i PDF-format nedenfor.\r\nGod lesing!", "description": "", "key": "offline_brodtekst"}}, {"pk": 1, "model": "contenttypes.contenttype", "fields": {"model": "migrationhistory", "name": "migration history", "app_label": "south"}}, {"pk": 2, "model": "contenttypes.contenttype", "fields": {"model": "kvstore", "name": "kv store", "app_label": "thumbnail"}}, {"pk": 3, "model": "contenttypes.contenttype", "fields": {"model": "chunk", "name": "chunk", "app_label": "chunks"}}, {"pk": 4, "model": "contenttypes.contenttype", "fields": {"model": "logentry", "name": "log entry", "app_label": "admin"}}, {"pk": 5, "model": "contenttypes.contenttype", "fields": {"model": "permission", "name": "permission", "app_label": "auth"}}, {"pk": 6, "model": "contenttypes.contenttype", "fields": {"model": "group", "name": "group", "app_label": "auth"}}, {"pk": 7, "model": "contenttypes.contenttype", "fields": {"model": "contenttype", "name": "content type", "app_label": "contenttypes"}}, {"pk": 8, "model": "contenttypes.contenttype", "fields": {"model": "session", "name": "session", "app_label": "sessions"}}, {"pk": 9, "model": "contenttypes.contenttype", "fields": {"model": "site", "name": "site", "app_label": "sites"}}, {"pk": 10, "model": "contenttypes.contenttype", "fields": {"model": "penalty", "name": "penalty", "app_label": "redwine"}}, {"pk": 11, "model": "contenttypes.contenttype", "fields": {"model": "notificationtype", "name": "type", "app_label": "django_notify"}}, {"pk": 12, "model": "contenttypes.contenttype", "fields": {"model": "settings", "name": "settings", "app_label": "django_notify"}}, {"pk": 13, "model": "contenttypes.contenttype", "fields": {"model": "subscription", "name": "subscription", "app_label": "django_notify"}}, {"pk": 14, "model": "contenttypes.contenttype", "fields": {"model": "notification", "name": "notification", "app_label": "django_notify"}}, {"pk": 15, "model": "contenttypes.contenttype", "fields": {"model": "captchastore", "name": "captcha store", "app_label": "captcha"}}, {"pk": 16, "model": "contenttypes.contenttype", "fields": {"model": "searchentry", "name": "search entry", "app_label": "watson"}}, {"pk": 17, "model": "contenttypes.contenttype", "fields": {"model": "revision", "name": "revision", "app_label": "reversion"}}, {"pk": 18, "model": "contenttypes.contenttype", "fields": {"model": "version", "name": "version", "app_label": "reversion"}}, {"pk": 19, "model": "contenttypes.contenttype", "fields": {"model": "approval", "name": "approval", "app_label": "approval"}}, {"pk": 20, "model": "contenttypes.contenttype", "fields": {"model": "membershipapproval", "name": "medlemskapss\u00f8knad", "app_label": "approval"}}, {"pk": 21, "model": "contenttypes.contenttype", "fields": {"model": "onlineuser", "name": "brukerprofil", "app_label": "authentication"}}, {"pk": 22, "model": "contenttypes.contenttype", "fields": {"model": "email", "name": "epostadresse", "app_label": "authentication"}}, {"pk": 23, "model": "contenttypes.contenttype", "fields": {"model": "registertoken", "name": "register token", "app_label": "authentication"}}, {"pk": 24, "model": "contenttypes.contenttype", "fields": {"model": "allowedusername", "name": "medlem", "app_label": "authentication"}}, {"pk": 25, "model": "contenttypes.contenttype", "fields": {"model": "position", "name": "posisjon", "app_label": "authentication"}}, {"pk": 26, "model": "contenttypes.contenttype", "fields": {"model": "specialposition", "name": "spesialposisjon", "app_label": "authentication"}}, {"pk": 27, "model": "contenttypes.contenttype", "fields": {"model": "article", "name": "artikkel", "app_label": "article"}}, {"pk": 28, "model": "contenttypes.contenttype", "fields": {"model": "tag", "name": "tag", "app_label": "article"}}, {"pk": 29, "model": "contenttypes.contenttype", "fields": {"model": "articletag", "name": "tag", "app_label": "article"}}, {"pk": 30, "model": "contenttypes.contenttype", "fields": {"model": "company", "name": "Bedrift", "app_label": "companyprofile"}}, {"pk": 31, "model": "contenttypes.contenttype", "fields": {"model": "careeropportunity", "name": "karrieremulighet", "app_label": "careeropportunity"}}, {"pk": 32, "model": "contenttypes.contenttype", "fields": {"model": "event", "name": "arrangement", "app_label": "events"}}, {"pk": 33, "model": "contenttypes.contenttype", "fields": {"model": "rule", "name": "rule", "app_label": "events"}}, {"pk": 34, "model": "contenttypes.contenttype", "fields": {"model": "fieldofstudyrule", "name": "field of study rule", "app_label": "events"}}, {"pk": 35, "model": "contenttypes.contenttype", "fields": {"model": "graderule", "name": "grade rule", "app_label": "events"}}, {"pk": 36, "model": "contenttypes.contenttype", "fields": {"model": "usergrouprule", "name": "user group rule", "app_label": "events"}}, {"pk": 37, "model": "contenttypes.contenttype", "fields": {"model": "rulebundle", "name": "rule bundle", "app_label": "events"}}, {"pk": 38, "model": "contenttypes.contenttype", "fields": {"model": "attendanceevent", "name": "p\u00e5melding", "app_label": "events"}}, {"pk": 39, "model": "contenttypes.contenttype", "fields": {"model": "companyevent", "name": "bedrift", "app_label": "events"}}, {"pk": 40, "model": "contenttypes.contenttype", "fields": {"model": "attendee", "name": "attendee", "app_label": "events"}}, {"pk": 41, "model": "contenttypes.contenttype", "fields": {"model": "reservation", "name": "reservasjon", "app_label": "events"}}, {"pk": 42, "model": "contenttypes.contenttype", "fields": {"model": "reservee", "name": "reservasjon", "app_label": "events"}}, {"pk": 43, "model": "contenttypes.contenttype", "fields": {"model": "mark", "name": "Prikk", "app_label": "marks"}}, {"pk": 44, "model": "contenttypes.contenttype", "fields": {"model": "userentry", "name": "user entry", "app_label": "marks"}}, {"pk": 45, "model": "contenttypes.contenttype", "fields": {"model": "issue", "name": "Utgivelse", "app_label": "offline"}}, {"pk": 46, "model": "contenttypes.contenttype", "fields": {"model": "proxychunk", "name": "Informasjonstekst", "app_label": "offline"}}, {"pk": 47, "model": "contenttypes.contenttype", "fields": {"model": "feedbackrelation", "name": "tilbakemelding", "app_label": "feedback"}}, {"pk": 48, "model": "contenttypes.contenttype", "fields": {"model": "feedback", "name": "tilbakemeldingsskjema", "app_label": "feedback"}}, {"pk": 49, "model": "contenttypes.contenttype", "fields": {"model": "fieldofstudyanswer", "name": "field of study answer", "app_label": "feedback"}}, {"pk": 50, "model": "contenttypes.contenttype", "fields": {"model": "textquestion", "name": "text question", "app_label": "feedback"}}, {"pk": 51, "model": "contenttypes.contenttype", "fields": {"model": "textanswer", "name": "text answer", "app_label": "feedback"}}, {"pk": 52, "model": "contenttypes.contenttype", "fields": {"model": "ratingquestion", "name": "rating question", "app_label": "feedback"}}, {"pk": 53, "model": "contenttypes.contenttype", "fields": {"model": "ratinganswer", "name": "rating answer", "app_label": "feedback"}}, {"pk": 54, "model": "contenttypes.contenttype", "fields": {"model": "multiplechoicequestion", "name": "Flervalgsp\u00f8rsm\u00e5l", "app_label": "feedback"}}, {"pk": 55, "model": "contenttypes.contenttype", "fields": {"model": "multiplechoicerelation", "name": "multiple choice relation", "app_label": "feedback"}}, {"pk": 56, "model": "contenttypes.contenttype", "fields": {"model": "choice", "name": "choice", "app_label": "feedback"}}, {"pk": 57, "model": "contenttypes.contenttype", "fields": {"model": "multiplechoiceanswer", "name": "multiple choice answer", "app_label": "feedback"}}, {"pk": 58, "model": "contenttypes.contenttype", "fields": {"model": "registertoken", "name": "register token", "app_label": "feedback"}}, {"pk": 59, "model": "contenttypes.contenttype", "fields": {"model": "privacy", "name": "personvern", "app_label": "profiles"}}, {"pk": 60, "model": "contenttypes.contenttype", "fields": {"model": "meeting", "name": "Generalforsamling", "app_label": "genfors"}}, {"pk": 61, "model": "contenttypes.contenttype", "fields": {"model": "abstractvoter", "name": "abstract voter", "app_label": "genfors"}}, {"pk": 62, "model": "contenttypes.contenttype", "fields": {"model": "registeredvoter", "name": "registered voter", "app_label": "genfors"}}, {"pk": 63, "model": "contenttypes.contenttype", "fields": {"model": "anonymousvoter", "name": "anonymous voter", "app_label": "genfors"}}, {"pk": 64, "model": "contenttypes.contenttype", "fields": {"model": "question", "name": "question", "app_label": "genfors"}}, {"pk": 65, "model": "contenttypes.contenttype", "fields": {"model": "abstractvote", "name": "abstract vote", "app_label": "genfors"}}, {"pk": 66, "model": "contenttypes.contenttype", "fields": {"model": "booleanvote", "name": "boolean vote", "app_label": "genfors"}}, {"pk": 67, "model": "contenttypes.contenttype", "fields": {"model": "alternative", "name": "alternative", "app_label": "genfors"}}, {"pk": 68, "model": "contenttypes.contenttype", "fields": {"model": "multiplechoice", "name": "multiple choice", "app_label": "genfors"}}, {"pk": 69, "model": "contenttypes.contenttype", "fields": {"model": "result", "name": "result", "app_label": "genfors"}}, {"pk": 70, "model": "contenttypes.contenttype", "fields": {"model": "article", "name": "article", "app_label": "wiki"}}, {"pk": 71, "model": "contenttypes.contenttype", "fields": {"model": "articleforobject", "name": "Article for object", "app_label": "wiki"}}, {"pk": 72, "model": "contenttypes.contenttype", "fields": {"model": "articlerevision", "name": "article revision", "app_label": "wiki"}}, {"pk": 73, "model": "contenttypes.contenttype", "fields": {"model": "urlpath", "name": "URL path", "app_label": "wiki"}}, {"pk": 74, "model": "contenttypes.contenttype", "fields": {"model": "articleplugin", "name": "article plugin", "app_label": "wiki"}}, {"pk": 75, "model": "contenttypes.contenttype", "fields": {"model": "reusableplugin", "name": "reusable plugin", "app_label": "wiki"}}, {"pk": 76, "model": "contenttypes.contenttype", "fields": {"model": "simpleplugin", "name": "simple plugin", "app_label": "wiki"}}, {"pk": 77, "model": "contenttypes.contenttype", "fields": {"model": "revisionplugin", "name": "revision plugin", "app_label": "wiki"}}, {"pk": 78, "model": "contenttypes.contenttype", "fields": {"model": "revisionpluginrevision", "name": "revision plugin revision", "app_label": "wiki"}}, {"pk": 79, "model": "contenttypes.contenttype", "fields": {"model": "attachment", "name": "attachment", "app_label": "wiki"}}, {"pk": 80, "model": "contenttypes.contenttype", "fields": {"model": "attachmentrevision", "name": "attachment revision", "app_label": "wiki"}}, {"pk": 81, "model": "contenttypes.contenttype", "fields": {"model": "articlesubscription", "name": "article subscription", "app_label": "wiki"}}, {"pk": 82, "model": "contenttypes.contenttype", "fields": {"model": "image", "name": "image", "app_label": "wiki"}}, {"pk": 83, "model": "contenttypes.contenttype", "fields": {"model": "imagerevision", "name": "image revision", "app_label": "wiki"}}, {"pk": 84, "model": "contenttypes.contenttype", "fields": {"model": "item", "name": "Vare", "app_label": "inventory"}}, {"pk": 85, "model": "contenttypes.contenttype", "fields": {"model": "batch", "name": "Batch", "app_label": "inventory"}}, {"pk": 86, "model": "contenttypes.contenttype", "fields": {"model": "payment", "name": "betaling", "app_label": "payment"}}, {"pk": 87, "model": "contenttypes.contenttype", "fields": {"model": "paymentrelation", "name": "payment relation", "app_label": "payment"}}, {"pk": 88, "model": "contenttypes.contenttype", "fields": {"model": "userobjectpermission", "name": "user object permission", "app_label": "guardian"}}, {"pk": 89, "model": "contenttypes.contenttype", "fields": {"model": "groupobjectpermission", "name": "group object permission", "app_label": "guardian"}}, {"pk": "cgt84rfc8up1gyyp5huql57plxebssyq", "model": "sessions.session", "fields": {"expire_date": "2016-01-21T20:57:26.283Z", "session_data": "OTFiZmE3MGMzMDQ5ODI4M2EzOTUzZjRiNTMxYTRkNmRjZjkwYzdiNjp7Il9hdXRoX3VzZXJfYmFja2VuZCI6ImRqYW5nby5jb250cmliLmF1dGguYmFja2VuZHMuTW9kZWxCYWNrZW5kIiwiX2F1dGhfdXNlcl9pZCI6MX0="}}, {"pk": "dtt8w0m33kko8p0gcc4qfcmdmf74be44", "model": "sessions.session", "fields": {"expire_date": "2016-01-28T19:42:42.965Z", "session_data": "OTFiZmE3MGMzMDQ5ODI4M2EzOTUzZjRiNTMxYTRkNmRjZjkwYzdiNjp7Il9hdXRoX3VzZXJfYmFja2VuZCI6ImRqYW5nby5jb250cmliLmF1dGguYmFja2VuZHMuTW9kZWxCYWNrZW5kIiwiX2F1dGhfdXNlcl9pZCI6MX0="}}, {"pk": "wet7ikg46f64qqzpbwhkqzksdqmi8cqw", "model": "sessions.session", "fields": {"expire_date": "2016-02-11T19:30:17.961Z", "session_data": "OTFiZmE3MGMzMDQ5ODI4M2EzOTUzZjRiNTMxYTRkNmRjZjkwYzdiNjp7Il9hdXRoX3VzZXJfYmFja2VuZCI6ImRqYW5nby5jb250cmliLmF1dGguYmFja2VuZHMuTW9kZWxCYWNrZW5kIiwiX2F1dGhfdXNlcl9pZCI6MX0="}}, {"pk": "y0e1ilb5hjcj80a2ii0dfcf6s3gexku8", "model": "sessions.session", "fields": {"expire_date": "2016-01-28T18:58:29.725Z", "session_data": "YjFkOGNmZGVjMDcxZWE1OTI1ZWI5MTQwZTBkNTQ0MjA1Nzg5YTk4YTp7fQ=="}}, {"pk": 1, "model": "sites.site", "fields": {"domain": "example.com", "name": "example.com"}}, {"pk": 1, "model": "events.attendanceevent", "fields": {"waitlist": true, "guest_attendance": false, "max_capacity": 100, "marks_has_been_set": false, "registration_start": "2015-01-29T20:00:00Z", "automatically_set_marks": false, "unattend_deadline": "2015-01-29T19:00:00Z", "rule_bundles": [], "registration_end": "2015-01-23T19:00:00Z"}}, {"pk": 1, "model": "feedback.fieldofstudyanswer", "fields": {"answer": 0, "feedback_relation": 1}}, {"pk": 2, "model": "feedback.fieldofstudyanswer", "fields": {"answer": 0, "feedback_relation": 1}}, {"pk": 1, "model": "feedback.textquestion", "fields": {"label": "Hvordan likte du presentasjonen?", "display": true, "feedback": 1, "order": 10}}, {"pk": 1, "model": "feedback.textanswer", "fields": {"answer": "asd asdas dasd asdasd", "question": 1, "feedback_relation": 1}}, {"pk": 2, "model": "feedback.textanswer", "fields": {"answer": "asdasdasd", "question": 1, "feedback_relation": 1}}, {"pk": 1, "model": "feedback.ratingquestion", "fields": {"label": "Hvordan var \u00f8llen?", "display": true, "feedback": 1, "order": 20}}, {"pk": 1, "model": "feedback.ratinganswer", "fields": {"answer": 4, "question": 1, "feedback_relation": 1}}, {"pk": 2, "model": "feedback.ratinganswer", "fields": {"answer": 2, "question": 1, "feedback_relation": 1}}, {"pk": 1, "model": "feedback.registertoken", "fields": {"fbr": 1, "token": "e1a283bcc7a64a9fad0fde8bfa1bf96a", "created": "2015-01-21T19:55:28.493Z"}}, {"pk": 1, "model": "auth.permission", "fields": {"codename": "add_migrationhistory", "name": "Can add migration history", "content_type": 1}}, {"pk": 2, "model": "auth.permission", "fields": {"codename": "change_migrationhistory", "name": "Can change migration history", "content_type": 1}}, {"pk": 3, "model": "auth.permission", "fields": {"codename": "delete_migrationhistory", "name": "Can delete migration history", "content_type": 1}}, {"pk": 4, "model": "auth.permission", "fields": {"codename": "add_kvstore", "name": "Can add kv store", "content_type": 2}}, {"pk": 5, "model": "auth.permission", "fields": {"codename": "change_kvstore", "name": "Can change kv store", "content_type": 2}}, {"pk": 6, "model": "auth.permission", "fields": {"codename": "delete_kvstore", "name": "Can delete kv store", "content_type": 2}}, {"pk": 7, "model": "auth.permission", "fields": {"codename": "add_chunk", "name": "Can add chunk", "content_type": 3}}, {"pk": 8, "model": "auth.permission", "fields": {"codename": "change_chunk", "name": "Can change chunk", "content_type": 3}}, {"pk": 9, "model": "auth.permission", "fields": {"codename": "delete_chunk", "name": "Can delete chunk", "content_type": 3}}, {"pk": 10, "model": "auth.permission", "fields": {"codename": "add_logentry", "name": "Can add log entry", "content_type": 4}}, {"pk": 11, "model": "auth.permission", "fields": {"codename": "change_logentry", "name": "Can change log entry", "content_type": 4}}, {"pk": 12, "model": "auth.permission", "fields": {"codename": "delete_logentry", "name": "Can delete log entry", "content_type": 4}}, {"pk": 13, "model": "auth.permission", "fields": {"codename": "add_permission", "name": "Can add permission", "content_type": 5}}, {"pk": 14, "model": "auth.permission", "fields": {"codename": "change_permission", "name": "Can change permission", "content_type": 5}}, {"pk": 15, "model": "auth.permission", "fields": {"codename": "delete_permission", "name": "Can delete permission", "content_type": 5}}, {"pk": 16, "model": "auth.permission", "fields": {"codename": "add_group", "name": "Can add group", "content_type": 6}}, {"pk": 17, "model": "auth.permission", "fields": {"codename": "change_group", "name": "Can change group", "content_type": 6}}, {"pk": 18, "model": "auth.permission", "fields": {"codename": "delete_group", "name": "Can delete group", "content_type": 6}}, {"pk": 19, "model": "auth.permission", "fields": {"codename": "add_contenttype", "name": "Can add content type", "content_type": 7}}, {"pk": 20, "model": "auth.permission", "fields": {"codename": "change_contenttype", "name": "Can change content type", "content_type": 7}}, {"pk": 21, "model": "auth.permission", "fields": {"codename": "delete_contenttype", "name": "Can delete content type", "content_type": 7}}, {"pk": 22, "model": "auth.permission", "fields": {"codename": "add_session", "name": "Can add session", "content_type": 8}}, {"pk": 23, "model": "auth.permission", "fields": {"codename": "change_session", "name": "Can change session", "content_type": 8}}, {"pk": 24, "model": "auth.permission", "fields": {"codename": "delete_session", "name": "Can delete session", "content_type": 8}}, {"pk": 25, "model": "auth.permission", "fields": {"codename": "add_site", "name": "Can add site", "content_type": 9}}, {"pk": 26, "model": "auth.permission", "fields": {"codename": "change_site", "name": "Can change site", "content_type": 9}}, {"pk": 27, "model": "auth.permission", "fields": {"codename": "delete_site", "name": "Can delete site", "content_type": 9}}, {"pk": 28, "model": "auth.permission", "fields": {"codename": "add_penalty", "name": "Can add penalty", "content_type": 10}}, {"pk": 29, "model": "auth.permission", "fields": {"codename": "change_penalty", "name": "Can change penalty", "content_type": 10}}, {"pk": 30, "model": "auth.permission", "fields": {"codename": "delete_penalty", "name": "Can delete penalty", "content_type": 10}}, {"pk": 31, "model": "auth.permission", "fields": {"codename": "add_notificationtype", "name": "Can add type", "content_type": 11}}, {"pk": 32, "model": "auth.permission", "fields": {"codename": "change_notificationtype", "name": "Can change type", "content_type": 11}}, {"pk": 33, "model": "auth.permission", "fields": {"codename": "delete_notificationtype", "name": "Can delete type", "content_type": 11}}, {"pk": 34, "model": "auth.permission", "fields": {"codename": "add_settings", "name": "Can add settings", "content_type": 12}}, {"pk": 35, "model": "auth.permission", "fields": {"codename": "change_settings", "name": "Can change settings", "content_type": 12}}, {"pk": 36, "model": "auth.permission", "fields": {"codename": "delete_settings", "name": "Can delete settings", "content_type": 12}}, {"pk": 37, "model": "auth.permission", "fields": {"codename": "add_subscription", "name": "Can add subscription", "content_type": 13}}, {"pk": 38, "model": "auth.permission", "fields": {"codename": "change_subscription", "name": "Can change subscription", "content_type": 13}}, {"pk": 39, "model": "auth.permission", "fields": {"codename": "delete_subscription", "name": "Can delete subscription", "content_type": 13}}, {"pk": 40, "model": "auth.permission", "fields": {"codename": "add_notification", "name": "Can add notification", "content_type": 14}}, {"pk": 41, "model": "auth.permission", "fields": {"codename": "change_notification", "name": "Can change notification", "content_type": 14}}, {"pk": 42, "model": "auth.permission", "fields": {"codename": "delete_notification", "name": "Can delete notification", "content_type": 14}}, {"pk": 43, "model": "auth.permission", "fields": {"codename": "add_captchastore", "name": "Can add captcha store", "content_type": 15}}, {"pk": 44, "model": "auth.permission", "fields": {"codename": "change_captchastore", "name": "Can change captcha store", "content_type": 15}}, {"pk": 45, "model": "auth.permission", "fields": {"codename": "delete_captchastore", "name": "Can delete captcha store", "content_type": 15}}, {"pk": 46, "model": "auth.permission", "fields": {"codename": "add_searchentry", "name": "Can add search entry", "content_type": 16}}, {"pk": 47, "model": "auth.permission", "fields": {"codename": "change_searchentry", "name": "Can change search entry", "content_type": 16}}, {"pk": 48, "model": "auth.permission", "fields": {"codename": "delete_searchentry", "name": "Can delete search entry", "content_type": 16}}, {"pk": 49, "model": "auth.permission", "fields": {"codename": "add_revision", "name": "Can add revision", "content_type": 17}}, {"pk": 50, "model": "auth.permission", "fields": {"codename": "change_revision", "name": "Can change revision", "content_type": 17}}, {"pk": 51, "model": "auth.permission", "fields": {"codename": "delete_revision", "name": "Can delete revision", "content_type": 17}}, {"pk": 52, "model": "auth.permission", "fields": {"codename": "add_version", "name": "Can add version", "content_type": 18}}, {"pk": 53, "model": "auth.permission", "fields": {"codename": "change_version", "name": "Can change version", "content_type": 18}}, {"pk": 54, "model": "auth.permission", "fields": {"codename": "delete_version", "name": "Can delete version", "content_type": 18}}, {"pk": 55, "model": "auth.permission", "fields": {"codename": "add_approval", "name": "Can add approval", "content_type": 19}}, {"pk": 56, "model": "auth.permission", "fields": {"codename": "change_approval", "name": "Can change approval", "content_type": 19}}, {"pk": 57, "model": "auth.permission", "fields": {"codename": "delete_approval", "name": "Can delete approval", "content_type": 19}}, {"pk": 58, "model": "auth.permission", "fields": {"codename": "add_membershipapproval", "name": "Can add medlemskapss\u00f8knad", "content_type": 20}}, {"pk": 59, "model": "auth.permission", "fields": {"codename": "change_membershipapproval", "name": "Can change medlemskapss\u00f8knad", "content_type": 20}}, {"pk": 60, "model": "auth.permission", "fields": {"codename": "delete_membershipapproval", "name": "Can delete medlemskapss\u00f8knad", "content_type": 20}}, {"pk": 61, "model": "auth.permission", "fields": {"codename": "add_onlineuser", "name": "Can add brukerprofil", "content_type": 21}}, {"pk": 62, "model": "auth.permission", "fields": {"codename": "change_onlineuser", "name": "Can change brukerprofil", "content_type": 21}}, {"pk": 63, "model": "auth.permission", "fields": {"codename": "delete_onlineuser", "name": "Can delete brukerprofil", "content_type": 21}}, {"pk": 64, "model": "auth.permission", "fields": {"codename": "add_email", "name": "Can add epostadresse", "content_type": 22}}, {"pk": 65, "model": "auth.permission", "fields": {"codename": "change_email", "name": "Can change epostadresse", "content_type": 22}}, {"pk": 66, "model": "auth.permission", "fields": {"codename": "delete_email", "name": "Can delete epostadresse", "content_type": 22}}, {"pk": 67, "model": "auth.permission", "fields": {"codename": "add_registertoken", "name": "Can add register token", "content_type": 23}}, {"pk": 68, "model": "auth.permission", "fields": {"codename": "change_registertoken", "name": "Can change register token", "content_type": 23}}, {"pk": 69, "model": "auth.permission", "fields": {"codename": "delete_registertoken", "name": "Can delete register token", "content_type": 23}}, {"pk": 70, "model": "auth.permission", "fields": {"codename": "add_allowedusername", "name": "Can add medlem", "content_type": 24}}, {"pk": 71, "model": "auth.permission", "fields": {"codename": "change_allowedusername", "name": "Can change medlem", "content_type": 24}}, {"pk": 72, "model": "auth.permission", "fields": {"codename": "delete_allowedusername", "name": "Can delete medlem", "content_type": 24}}, {"pk": 73, "model": "auth.permission", "fields": {"codename": "add_position", "name": "Can add posisjon", "content_type": 25}}, {"pk": 74, "model": "auth.permission", "fields": {"codename": "change_position", "name": "Can change posisjon", "content_type": 25}}, {"pk": 75, "model": "auth.permission", "fields": {"codename": "delete_position", "name": "Can delete posisjon", "content_type": 25}}, {"pk": 76, "model": "auth.permission", "fields": {"codename": "add_specialposition", "name": "Can add spesialposisjon", "content_type": 26}}, {"pk": 77, "model": "auth.permission", "fields": {"codename": "change_specialposition", "name": "Can change spesialposisjon", "content_type": 26}}, {"pk": 78, "model": "auth.permission", "fields": {"codename": "delete_specialposition", "name": "Can delete spesialposisjon", "content_type": 26}}, {"pk": 79, "model": "auth.permission", "fields": {"codename": "add_article", "name": "Can add artikkel", "content_type": 27}}, {"pk": 80, "model": "auth.permission", "fields": {"codename": "change_article", "name": "Can change artikkel", "content_type": 27}}, {"pk": 81, "model": "auth.permission", "fields": {"codename": "delete_article", "name": "Can delete artikkel", "content_type": 27}}, {"pk": 82, "model": "auth.permission", "fields": {"codename": "add_tag", "name": "Can add tag", "content_type": 28}}, {"pk": 83, "model": "auth.permission", "fields": {"codename": "change_tag", "name": "Can change tag", "content_type": 28}}, {"pk": 84, "model": "auth.permission", "fields": {"codename": "delete_tag", "name": "Can delete tag", "content_type": 28}}, {"pk": 85, "model": "auth.permission", "fields": {"codename": "add_articletag", "name": "Can add tag", "content_type": 29}}, {"pk": 86, "model": "auth.permission", "fields": {"codename": "change_articletag", "name": "Can change tag", "content_type": 29}}, {"pk": 87, "model": "auth.permission", "fields": {"codename": "delete_articletag", "name": "Can delete tag", "content_type": 29}}, {"pk": 88, "model": "auth.permission", "fields": {"codename": "add_company", "name": "Can add Bedrift", "content_type": 30}}, {"pk": 89, "model": "auth.permission", "fields": {"codename": "change_company", "name": "Can change Bedrift", "content_type": 30}}, {"pk": 90, "model": "auth.permission", "fields": {"codename": "delete_company", "name": "Can delete Bedrift", "content_type": 30}}, {"pk": 91, "model": "auth.permission", "fields": {"codename": "add_careeropportunity", "name": "Can add karrieremulighet", "content_type": 31}}, {"pk": 92, "model": "auth.permission", "fields": {"codename": "change_careeropportunity", "name": "Can change karrieremulighet", "content_type": 31}}, {"pk": 93, "model": "auth.permission", "fields": {"codename": "delete_careeropportunity", "name": "Can delete karrieremulighet", "content_type": 31}}, {"pk": 94, "model": "auth.permission", "fields": {"codename": "add_event", "name": "Can add arrangement", "content_type": 32}}, {"pk": 95, "model": "auth.permission", "fields": {"codename": "change_event", "name": "Can change arrangement", "content_type": 32}}, {"pk": 96, "model": "auth.permission", "fields": {"codename": "delete_event", "name": "Can delete arrangement", "content_type": 32}}, {"pk": 97, "model": "auth.permission", "fields": {"codename": "add_rule", "name": "Can add rule", "content_type": 33}}, {"pk": 98, "model": "auth.permission", "fields": {"codename": "change_rule", "name": "Can change rule", "content_type": 33}}, {"pk": 99, "model": "auth.permission", "fields": {"codename": "delete_rule", "name": "Can delete rule", "content_type": 33}}, {"pk": 100, "model": "auth.permission", "fields": {"codename": "add_fieldofstudyrule", "name": "Can add field of study rule", "content_type": 34}}, {"pk": 101, "model": "auth.permission", "fields": {"codename": "change_fieldofstudyrule", "name": "Can change field of study rule", "content_type": 34}}, {"pk": 102, "model": "auth.permission", "fields": {"codename": "delete_fieldofstudyrule", "name": "Can delete field of study rule", "content_type": 34}}, {"pk": 103, "model": "auth.permission", "fields": {"codename": "add_graderule", "name": "Can add grade rule", "content_type": 35}}, {"pk": 104, "model": "auth.permission", "fields": {"codename": "change_graderule", "name": "Can change grade rule", "content_type": 35}}, {"pk": 105, "model": "auth.permission", "fields": {"codename": "delete_graderule", "name": "Can delete grade rule", "content_type": 35}}, {"pk": 106, "model": "auth.permission", "fields": {"codename": "add_usergrouprule", "name": "Can add user group rule", "content_type": 36}}, {"pk": 107, "model": "auth.permission", "fields": {"codename": "change_usergrouprule", "name": "Can change user group rule", "content_type": 36}}, {"pk": 108, "model": "auth.permission", "fields": {"codename": "delete_usergrouprule", "name": "Can delete user group rule", "content_type": 36}}, {"pk": 109, "model": "auth.permission", "fields": {"codename": "add_rulebundle", "name": "Can add rule bundle", "content_type": 37}}, {"pk": 110, "model": "auth.permission", "fields": {"codename": "change_rulebundle", "name": "Can change rule bundle", "content_type": 37}}, {"pk": 111, "model": "auth.permission", "fields": {"codename": "delete_rulebundle", "name": "Can delete rule bundle", "content_type": 37}}, {"pk": 112, "model": "auth.permission", "fields": {"codename": "add_attendanceevent", "name": "Can add p\u00e5melding", "content_type": 38}}, {"pk": 113, "model": "auth.permission", "fields": {"codename": "change_attendanceevent", "name": "Can change p\u00e5melding", "content_type": 38}}, {"pk": 114, "model": "auth.permission", "fields": {"codename": "delete_attendanceevent", "name": "Can delete p\u00e5melding", "content_type": 38}}, {"pk": 115, "model": "auth.permission", "fields": {"codename": "add_companyevent", "name": "Can add bedrift", "content_type": 39}}, {"pk": 116, "model": "auth.permission", "fields": {"codename": "change_companyevent", "name": "Can change bedrift", "content_type": 39}}, {"pk": 117, "model": "auth.permission", "fields": {"codename": "delete_companyevent", "name": "Can delete bedrift", "content_type": 39}}, {"pk": 118, "model": "auth.permission", "fields": {"codename": "add_attendee", "name": "Can add attendee", "content_type": 40}}, {"pk": 119, "model": "auth.permission", "fields": {"codename": "change_attendee", "name": "Can change attendee", "content_type": 40}}, {"pk": 120, "model": "auth.permission", "fields": {"codename": "delete_attendee", "name": "Can delete attendee", "content_type": 40}}, {"pk": 121, "model": "auth.permission", "fields": {"codename": "add_reservation", "name": "Can add reservasjon", "content_type": 41}}, {"pk": 122, "model": "auth.permission", "fields": {"codename": "change_reservation", "name": "Can change reservasjon", "content_type": 41}}, {"pk": 123, "model": "auth.permission", "fields": {"codename": "delete_reservation", "name": "Can delete reservasjon", "content_type": 41}}, {"pk": 124, "model": "auth.permission", "fields": {"codename": "add_reservee", "name": "Can add reservasjon", "content_type": 42}}, {"pk": 125, "model": "auth.permission", "fields": {"codename": "change_reservee", "name": "Can change reservasjon", "content_type": 42}}, {"pk": 126, "model": "auth.permission", "fields": {"codename": "delete_reservee", "name": "Can delete reservasjon", "content_type": 42}}, {"pk": 127, "model": "auth.permission", "fields": {"codename": "add_mark", "name": "Can add Prikk", "content_type": 43}}, {"pk": 128, "model": "auth.permission", "fields": {"codename": "change_mark", "name": "Can change Prikk", "content_type": 43}}, {"pk": 129, "model": "auth.permission", "fields": {"codename": "delete_mark", "name": "Can delete Prikk", "content_type": 43}}, {"pk": 130, "model": "auth.permission", "fields": {"codename": "add_userentry", "name": "Can add user entry", "content_type": 44}}, {"pk": 131, "model": "auth.permission", "fields": {"codename": "change_userentry", "name": "Can change user entry", "content_type": 44}}, {"pk": 132, "model": "auth.permission", "fields": {"codename": "delete_userentry", "name": "Can delete user entry", "content_type": 44}}, {"pk": 133, "model": "auth.permission", "fields": {"codename": "add_proxychunk", "name": "Can add Informasjonstekst", "content_type": 3}}, {"pk": 134, "model": "auth.permission", "fields": {"codename": "change_proxychunk", "name": "Can change Informasjonstekst", "content_type": 3}}, {"pk": 135, "model": "auth.permission", "fields": {"codename": "delete_proxychunk", "name": "Can delete Informasjonstekst", "content_type": 3}}, {"pk": 136, "model": "auth.permission", "fields": {"codename": "add_issue", "name": "Can add Utgivelse", "content_type": 45}}, {"pk": 137, "model": "auth.permission", "fields": {"codename": "change_issue", "name": "Can change Utgivelse", "content_type": 45}}, {"pk": 138, "model": "auth.permission", "fields": {"codename": "delete_issue", "name": "Can delete Utgivelse", "content_type": 45}}, {"pk": 139, "model": "auth.permission", "fields": {"codename": "add_feedbackrelation", "name": "Can add tilbakemelding", "content_type": 47}}, {"pk": 140, "model": "auth.permission", "fields": {"codename": "change_feedbackrelation", "name": "Can change tilbakemelding", "content_type": 47}}, {"pk": 141, "model": "auth.permission", "fields": {"codename": "delete_feedbackrelation", "name": "Can delete tilbakemelding", "content_type": 47}}, {"pk": 142, "model": "auth.permission", "fields": {"codename": "add_feedback", "name": "Can add tilbakemeldingsskjema", "content_type": 48}}, {"pk": 143, "model": "auth.permission", "fields": {"codename": "change_feedback", "name": "Can change tilbakemeldingsskjema", "content_type": 48}}, {"pk": 144, "model": "auth.permission", "fields": {"codename": "delete_feedback", "name": "Can delete tilbakemeldingsskjema", "content_type": 48}}, {"pk": 145, "model": "auth.permission", "fields": {"codename": "add_fieldofstudyanswer", "name": "Can add field of study answer", "content_type": 49}}, {"pk": 146, "model": "auth.permission", "fields": {"codename": "change_fieldofstudyanswer", "name": "Can change field of study answer", "content_type": 49}}, {"pk": 147, "model": "auth.permission", "fields": {"codename": "delete_fieldofstudyanswer", "name": "Can delete field of study answer", "content_type": 49}}, {"pk": 148, "model": "auth.permission", "fields": {"codename": "add_textquestion", "name": "Can add text question", "content_type": 50}}, {"pk": 149, "model": "auth.permission", "fields": {"codename": "change_textquestion", "name": "Can change text question", "content_type": 50}}, {"pk": 150, "model": "auth.permission", "fields": {"codename": "delete_textquestion", "name": "Can delete text question", "content_type": 50}}, {"pk": 151, "model": "auth.permission", "fields": {"codename": "add_textanswer", "name": "Can add text answer", "content_type": 51}}, {"pk": 152, "model": "auth.permission", "fields": {"codename": "change_textanswer", "name": "Can change text answer", "content_type": 51}}, {"pk": 153, "model": "auth.permission", "fields": {"codename": "delete_textanswer", "name": "Can delete text answer", "content_type": 51}}, {"pk": 154, "model": "auth.permission", "fields": {"codename": "add_ratingquestion", "name": "Can add rating question", "content_type": 52}}, {"pk": 155, "model": "auth.permission", "fields": {"codename": "change_ratingquestion", "name": "Can change rating question", "content_type": 52}}, {"pk": 156, "model": "auth.permission", "fields": {"codename": "delete_ratingquestion", "name": "Can delete rating question", "content_type": 52}}, {"pk": 157, "model": "auth.permission", "fields": {"codename": "add_ratinganswer", "name": "Can add rating answer", "content_type": 53}}, {"pk": 158, "model": "auth.permission", "fields": {"codename": "change_ratinganswer", "name": "Can change rating answer", "content_type": 53}}, {"pk": 159, "model": "auth.permission", "fields": {"codename": "delete_ratinganswer", "name": "Can delete rating answer", "content_type": 53}}, {"pk": 160, "model": "auth.permission", "fields": {"codename": "add_multiplechoicequestion", "name": "Can add Flervalgsp\u00f8rsm\u00e5l", "content_type": 54}}, {"pk": 161, "model": "auth.permission", "fields": {"codename": "change_multiplechoicequestion", "name": "Can change Flervalgsp\u00f8rsm\u00e5l", "content_type": 54}}, {"pk": 162, "model": "auth.permission", "fields": {"codename": "delete_multiplechoicequestion", "name": "Can delete Flervalgsp\u00f8rsm\u00e5l", "content_type": 54}}, {"pk": 163, "model": "auth.permission", "fields": {"codename": "add_multiplechoicerelation", "name": "Can add multiple choice relation", "content_type": 55}}, {"pk": 164, "model": "auth.permission", "fields": {"codename": "change_multiplechoicerelation", "name": "Can change multiple choice relation", "content_type": 55}}, {"pk": 165, "model": "auth.permission", "fields": {"codename": "delete_multiplechoicerelation", "name": "Can delete multiple choice relation", "content_type": 55}}, {"pk": 166, "model": "auth.permission", "fields": {"codename": "add_choice", "name": "Can add choice", "content_type": 56}}, {"pk": 167, "model": "auth.permission", "fields": {"codename": "change_choice", "name": "Can change choice", "content_type": 56}}, {"pk": 168, "model": "auth.permission", "fields": {"codename": "delete_choice", "name": "Can delete choice", "content_type": 56}}, {"pk": 169, "model": "auth.permission", "fields": {"codename": "add_multiplechoiceanswer", "name": "Can add multiple choice answer", "content_type": 57}}, {"pk": 170, "model": "auth.permission", "fields": {"codename": "change_multiplechoiceanswer", "name": "Can change multiple choice answer", "content_type": 57}}, {"pk": 171, "model": "auth.permission", "fields": {"codename": "delete_multiplechoiceanswer", "name": "Can delete multiple choice answer", "content_type": 57}}, {"pk": 172, "model": "auth.permission", "fields": {"codename": "add_registertoken", "name": "Can add register token", "content_type": 58}}, {"pk": 173, "model": "auth.permission", "fields": {"codename": "change_registertoken", "name": "Can change register token", "content_type": 58}}, {"pk": 174, "model": "auth.permission", "fields": {"codename": "delete_registertoken", "name": "Can delete register token", "content_type": 58}}, {"pk": 175, "model": "auth.permission", "fields": {"codename": "add_privacy", "name": "Can add personvern", "content_type": 59}}, {"pk": 176, "model": "auth.permission", "fields": {"codename": "change_privacy", "name": "Can change personvern", "content_type": 59}}, {"pk": 177, "model": "auth.permission", "fields": {"codename": "delete_privacy", "name": "Can delete personvern", "content_type": 59}}, {"pk": 178, "model": "auth.permission", "fields": {"codename": "add_meeting", "name": "Can add Generalforsamling", "content_type": 60}}, {"pk": 179, "model": "auth.permission", "fields": {"codename": "change_meeting", "name": "Can change Generalforsamling", "content_type": 60}}, {"pk": 180, "model": "auth.permission", "fields": {"codename": "delete_meeting", "name": "Can delete Generalforsamling", "content_type": 60}}, {"pk": 181, "model": "auth.permission", "fields": {"codename": "add_abstractvoter", "name": "Can add abstract voter", "content_type": 61}}, {"pk": 182, "model": "auth.permission", "fields": {"codename": "change_abstractvoter", "name": "Can change abstract voter", "content_type": 61}}, {"pk": 183, "model": "auth.permission", "fields": {"codename": "delete_abstractvoter", "name": "Can delete abstract voter", "content_type": 61}}, {"pk": 184, "model": "auth.permission", "fields": {"codename": "add_registeredvoter", "name": "Can add registered voter", "content_type": 62}}, {"pk": 185, "model": "auth.permission", "fields": {"codename": "change_registeredvoter", "name": "Can change registered voter", "content_type": 62}}, {"pk": 186, "model": "auth.permission", "fields": {"codename": "delete_registeredvoter", "name": "Can delete registered voter", "content_type": 62}}, {"pk": 187, "model": "auth.permission", "fields": {"codename": "add_anonymousvoter", "name": "Can add anonymous voter", "content_type": 63}}, {"pk": 188, "model": "auth.permission", "fields": {"codename": "change_anonymousvoter", "name": "Can change anonymous voter", "content_type": 63}}, {"pk": 189, "model": "auth.permission", "fields": {"codename": "delete_anonymousvoter", "name": "Can delete anonymous voter", "content_type": 63}}, {"pk": 190, "model": "auth.permission", "fields": {"codename": "add_question", "name": "Can add question", "content_type": 64}}, {"pk": 191, "model": "auth.permission", "fields": {"codename": "change_question", "name": "Can change question", "content_type": 64}}, {"pk": 192, "model": "auth.permission", "fields": {"codename": "delete_question", "name": "Can delete question", "content_type": 64}}, {"pk": 193, "model": "auth.permission", "fields": {"codename": "add_abstractvote", "name": "Can add abstract vote", "content_type": 65}}, {"pk": 194, "model": "auth.permission", "fields": {"codename": "change_abstractvote", "name": "Can change abstract vote", "content_type": 65}}, {"pk": 195, "model": "auth.permission", "fields": {"codename": "delete_abstractvote", "name": "Can delete abstract vote", "content_type": 65}}, {"pk": 196, "model": "auth.permission", "fields": {"codename": "add_booleanvote", "name": "Can add boolean vote", "content_type": 66}}, {"pk": 197, "model": "auth.permission", "fields": {"codename": "change_booleanvote", "name": "Can change boolean vote", "content_type": 66}}, {"pk": 198, "model": "auth.permission", "fields": {"codename": "delete_booleanvote", "name": "Can delete boolean vote", "content_type": 66}}, {"pk": 199, "model": "auth.permission", "fields": {"codename": "add_alternative", "name": "Can add alternative", "content_type": 67}}, {"pk": 200, "model": "auth.permission", "fields": {"codename": "change_alternative", "name": "Can change alternative", "content_type": 67}}, {"pk": 201, "model": "auth.permission", "fields": {"codename": "delete_alternative", "name": "Can delete alternative", "content_type": 67}}, {"pk": 202, "model": "auth.permission", "fields": {"codename": "add_multiplechoice", "name": "Can add multiple choice", "content_type": 68}}, {"pk": 203, "model": "auth.permission", "fields": {"codename": "change_multiplechoice", "name": "Can change multiple choice", "content_type": 68}}, {"pk": 204, "model": "auth.permission", "fields": {"codename": "delete_multiplechoice", "name": "Can delete multiple choice", "content_type": 68}}, {"pk": 205, "model": "auth.permission", "fields": {"codename": "add_result", "name": "Can add result", "content_type": 69}}, {"pk": 206, "model": "auth.permission", "fields": {"codename": "change_result", "name": "Can change result", "content_type": 69}}, {"pk": 207, "model": "auth.permission", "fields": {"codename": "delete_result", "name": "Can delete result", "content_type": 69}}, {"pk": 208, "model": "auth.permission", "fields": {"codename": "add_article", "name": "Can add article", "content_type": 70}}, {"pk": 209, "model": "auth.permission", "fields": {"codename": "change_article", "name": "Can change article", "content_type": 70}}, {"pk": 210, "model": "auth.permission", "fields": {"codename": "delete_article", "name": "Can delete article", "content_type": 70}}, {"pk": 211, "model": "auth.permission", "fields": {"codename": "moderate", "name": "Can edit all articles and lock/unlock/restore", "content_type": 70}}, {"pk": 212, "model": "auth.permission", "fields": {"codename": "assign", "name": "Can change ownership of any article", "content_type": 70}}, {"pk": 213, "model": "auth.permission", "fields": {"codename": "grant", "name": "Can assign permissions to other users", "content_type": 70}}, {"pk": 214, "model": "auth.permission", "fields": {"codename": "add_articleforobject", "name": "Can add Article for object", "content_type": 71}}, {"pk": 215, "model": "auth.permission", "fields": {"codename": "change_articleforobject", "name": "Can change Article for object", "content_type": 71}}, {"pk": 216, "model": "auth.permission", "fields": {"codename": "delete_articleforobject", "name": "Can delete Article for object", "content_type": 71}}, {"pk": 217, "model": "auth.permission", "fields": {"codename": "add_articlerevision", "name": "Can add article revision", "content_type": 72}}, {"pk": 218, "model": "auth.permission", "fields": {"codename": "change_articlerevision", "name": "Can change article revision", "content_type": 72}}, {"pk": 219, "model": "auth.permission", "fields": {"codename": "delete_articlerevision", "name": "Can delete article revision", "content_type": 72}}, {"pk": 220, "model": "auth.permission", "fields": {"codename": "add_urlpath", "name": "Can add URL path", "content_type": 73}}, {"pk": 221, "model": "auth.permission", "fields": {"codename": "change_urlpath", "name": "Can change URL path", "content_type": 73}}, {"pk": 222, "model": "auth.permission", "fields": {"codename": "delete_urlpath", "name": "Can delete URL path", "content_type": 73}}, {"pk": 223, "model": "auth.permission", "fields": {"codename": "add_articleplugin", "name": "Can add article plugin", "content_type": 74}}, {"pk": 224, "model": "auth.permission", "fields": {"codename": "change_articleplugin", "name": "Can change article plugin", "content_type": 74}}, {"pk": 225, "model": "auth.permission", "fields": {"codename": "delete_articleplugin", "name": "Can delete article plugin", "content_type": 74}}, {"pk": 226, "model": "auth.permission", "fields": {"codename": "add_reusableplugin", "name": "Can add reusable plugin", "content_type": 75}}, {"pk": 227, "model": "auth.permission", "fields": {"codename": "change_reusableplugin", "name": "Can change reusable plugin", "content_type": 75}}, {"pk": 228, "model": "auth.permission", "fields": {"codename": "delete_reusableplugin", "name": "Can delete reusable plugin", "content_type": 75}}, {"pk": 229, "model": "auth.permission", "fields": {"codename": "add_simpleplugin", "name": "Can add simple plugin", "content_type": 76}}, {"pk": 230, "model": "auth.permission", "fields": {"codename": "change_simpleplugin", "name": "Can change simple plugin", "content_type": 76}}, {"pk": 231, "model": "auth.permission", "fields": {"codename": "delete_simpleplugin", "name": "Can delete simple plugin", "content_type": 76}}, {"pk": 232, "model": "auth.permission", "fields": {"codename": "add_revisionplugin", "name": "Can add revision plugin", "content_type": 77}}, {"pk": 233, "model": "auth.permission", "fields": {"codename": "change_revisionplugin", "name": "Can change revision plugin", "content_type": 77}}, {"pk": 234, "model": "auth.permission", "fields": {"codename": "delete_revisionplugin", "name": "Can delete revision plugin", "content_type": 77}}, {"pk": 235, "model": "auth.permission", "fields": {"codename": "add_revisionpluginrevision", "name": "Can add revision plugin revision", "content_type": 78}}, {"pk": 236, "model": "auth.permission", "fields": {"codename": "change_revisionpluginrevision", "name": "Can change revision plugin revision", "content_type": 78}}, {"pk": 237, "model": "auth.permission", "fields": {"codename": "delete_revisionpluginrevision", "name": "Can delete revision plugin revision", "content_type": 78}}, {"pk": 238, "model": "auth.permission", "fields": {"codename": "add_attachment", "name": "Can add attachment", "content_type": 79}}, {"pk": 239, "model": "auth.permission", "fields": {"codename": "change_attachment", "name": "Can change attachment", "content_type": 79}}, {"pk": 240, "model": "auth.permission", "fields": {"codename": "delete_attachment", "name": "Can delete attachment", "content_type": 79}}, {"pk": 241, "model": "auth.permission", "fields": {"codename": "add_attachmentrevision", "name": "Can add attachment revision", "content_type": 80}}, {"pk": 242, "model": "auth.permission", "fields": {"codename": "change_attachmentrevision", "name": "Can change attachment revision", "content_type": 80}}, {"pk": 243, "model": "auth.permission", "fields": {"codename": "delete_attachmentrevision", "name": "Can delete attachment revision", "content_type": 80}}, {"pk": 244, "model": "auth.permission", "fields": {"codename": "add_articlesubscription", "name": "Can add article subscription", "content_type": 81}}, {"pk": 245, "model": "auth.permission", "fields": {"codename": "change_articlesubscription", "name": "Can change article subscription", "content_type": 81}}, {"pk": 246, "model": "auth.permission", "fields": {"codename": "delete_articlesubscription", "name": "Can delete article subscription", "content_type": 81}}, {"pk": 247, "model": "auth.permission", "fields": {"codename": "add_image", "name": "Can add image", "content_type": 82}}, {"pk": 248, "model": "auth.permission", "fields": {"codename": "change_image", "name": "Can change image", "content_type": 82}}, {"pk": 249, "model": "auth.permission", "fields": {"codename": "delete_image", "name": "Can delete image", "content_type": 82}}, {"pk": 250, "model": "auth.permission", "fields": {"codename": "add_imagerevision", "name": "Can add image revision", "content_type": 83}}, {"pk": 251, "model": "auth.permission", "fields": {"codename": "change_imagerevision", "name": "Can change image revision", "content_type": 83}}, {"pk": 252, "model": "auth.permission", "fields": {"codename": "delete_imagerevision", "name": "Can delete image revision", "content_type": 83}}, {"pk": 253, "model": "auth.permission", "fields": {"codename": "add_item", "name": "Can add Vare", "content_type": 84}}, {"pk": 254, "model": "auth.permission", "fields": {"codename": "change_item", "name": "Can change Vare", "content_type": 84}}, {"pk": 255, "model": "auth.permission", "fields": {"codename": "delete_item", "name": "Can delete Vare", "content_type": 84}}, {"pk": 256, "model": "auth.permission", "fields": {"codename": "add_batch", "name": "Can add Batch", "content_type": 85}}, {"pk": 257, "model": "auth.permission", "fields": {"codename": "change_batch", "name": "Can change Batch", "content_type": 85}}, {"pk": 258, "model": "auth.permission", "fields": {"codename": "delete_batch", "name": "Can delete Batch", "content_type": 85}}, {"pk": 259, "model": "auth.permission", "fields": {"codename": "add_payment", "name": "Can add betaling", "content_type": 86}}, {"pk": 260, "model": "auth.permission", "fields": {"codename": "change_payment", "name": "Can change betaling", "content_type": 86}}, {"pk": 261, "model": "auth.permission", "fields": {"codename": "delete_payment", "name": "Can delete betaling", "content_type": 86}}, {"pk": 262, "model": "auth.permission", "fields": {"codename": "add_paymentrelation", "name": "Can add payment relation", "content_type": 87}}, {"pk": 263, "model": "auth.permission", "fields": {"codename": "change_paymentrelation", "name": "Can change payment relation", "content_type": 87}}, {"pk": 264, "model": "auth.permission", "fields": {"codename": "delete_paymentrelation", "name": "Can delete payment relation", "content_type": 87}}, {"pk": 265, "model": "auth.permission", "fields": {"codename": "add_userobjectpermission", "name": "Can add user object permission", "content_type": 88}}, {"pk": 266, "model": "auth.permission", "fields": {"codename": "change_userobjectpermission", "name": "Can change user object permission", "content_type": 88}}, {"pk": 267, "model": "auth.permission", "fields": {"codename": "delete_userobjectpermission", "name": "Can delete user object permission", "content_type": 88}}, {"pk": 268, "model": "auth.permission", "fields": {"codename": "add_groupobjectpermission", "name": "Can add group object permission", "content_type": 89}}, {"pk": 269, "model": "auth.permission", "fields": {"codename": "change_groupobjectpermission", "name": "Can change group object permission", "content_type": 89}}, {"pk": 270, "model": "auth.permission", "fields": {"codename": "delete_groupobjectpermission", "name": "Can delete group object permission", "content_type": 89}}, {"pk": 1, "model": "reversion.version", "fields": {"format": "json", "object_repr": "", "object_id": "1", "content_type": 21, "object_id_int": 1, "serialized_data": "[{\"pk\": 1, \"model\": \"authentication.onlineuser\", \"fields\": {\"phone_number\": null, \"last_name\": \"\", \"is_staff\": true, \"user_permissions\": [], \"ntnu_username\": null, \"date_joined\": \"2015-01-21T19:50:24.032Z\", \"first_name\": \"\", \"allergies\": null, \"website\": null, \"is_superuser\": true, \"last_login\": \"2015-01-21T19:50:46.054Z\", \"infomail\": false, \"email\": \"asd@asd.com\", \"zip_code\": null, \"username\": \"thb\", \"compiled\": false, \"rfid\": null, \"is_active\": true, \"groups\": [], \"address\": null, \"started_date\": \"2015-01-21\", \"password\": \"pbkdf2_sha256$12000$9tpw7a7LBZzE$jDnB4aOl0xbxrTkLTgmcUlyVHSJ+f2HGluSTVhRgiFw=\", \"nickname\": null, \"field_of_study\": 0, \"gender\": \"male\", \"mark_rules\": false}}]", "revision": 1}}, {"pk": 2, "model": "reversion.version", "fields": {"format": "json", "object_repr": "Kurs", "object_id": "1", "content_type": 48, "object_id_int": 1, "serialized_data": "[{\"pk\": 1, \"model\": \"feedback.feedback\", \"fields\": {\"display_field_of_study\": true, \"display_info\": true, \"description\": \"Kurs\", \"author\": 1}}]", "revision": 2}}, {"pk": 3, "model": "reversion.version", "fields": {"format": "json", "object_repr": "Hvordan likte du presentasjonen?", "object_id": "1", "content_type": 50, "object_id_int": 1, "serialized_data": "[{\"pk\": 1, \"model\": \"feedback.textquestion\", \"fields\": {\"label\": \"Hvordan likte du presentasjonen?\", \"display\": true, \"feedback\": 1, \"order\": 10}}]", "revision": 2}}, {"pk": 4, "model": "reversion.version", "fields": {"format": "json", "object_repr": "Hvordan var \u00f8llen?", "object_id": "1", "content_type": 52, "object_id_int": 1, "serialized_data": "[{\"pk\": 1, \"model\": \"feedback.ratingquestion\", \"fields\": {\"label\": \"Hvordan var \\u00f8llen?\", \"display\": true, \"feedback\": 1, \"order\": 20}}]", "revision": 2}}, {"pk": 5, "model": "reversion.version", "fields": {"format": "json", "object_repr": "Kurs med Visma", "object_id": "1", "content_type": 32, "object_id_int": 1, "serialized_data": "[{\"pk\": 1, \"model\": \"events.event\", \"fields\": {\"ingress\": \"asd dddddddddddddddddd dddd dddddd ddddd ddddddd  ddddddddddddddddasd dddddddddddddddddd dddd dddddd ddddd ddddddd  ddddddddddddddddasd dddddddddddddddddd dddd dddddd ddddd ddddddd  ddddddddddddddddasd dddddddddddddddddd dddd dddddd ddddd ddddddd  ddddddddddddddddasd dddddddddddddddddd dddd dddddd ddddd ddddddd  ddddddddddddddddasd dddddddddddddddddd dddd dddddd ddddd ddddddd  ddddddddddddddddasd dddddddddddddddddd dddd dddddd ddddd ddddddd  ddddddddddddddddasd dddddddddddddddddd dddd dddddd ddddd ddddddd  ddddddddddddddddasd dddddddddddddddddd dddd dddddd ddddd ddddddd  ddddddddddddddddasd dddddddddddddddddd dddd dddddd ddddd ddddddd  dddddddddddddddd\", \"author\": 1, \"title\": \"Kurs med Visma\", \"image\": \"\", \"event_end\": \"2015-01-31T16:00:00+01:00\", \"event_start\": \"2015-01-30T12:00:00+01:00\", \"location\": \"P15\", \"event_type\": 3, \"ingress_short\": \"asd dddddddddddddddddd dddd dddddd ddddd ddddddd  dddddddddddddddd\", \"description\": \"asd dddddddddddddddddd dddd dddddd ddddd ddddddd  ddddddddddddddddasd dddddddddddddddddd dddd dddddd ddddd ddddddd  ddddddddddddddddasd dddddddddddddddddd dddd dddddd ddddd ddddddd  ddddddddddddddddasd dddddddddddddddddd dddd dddddd ddddd ddddddd  ddddddddddddddddasd dddddddddddddddddd dddd dddddd ddddd ddddddd  ddddddddddddddddasd dddddddddddddddddd dddd dddddd ddddd ddddddd  ddddddddddddddddasd dddddddddddddddddd dddd dddddd ddddd ddddddd  ddddddddddddddddasd dddddddddddddddddd dddd dddddd ddddd ddddddd  ddddddddddddddddasd dddddddddddddddddd dddd dddddd ddddd ddddddd  ddddddddddddddddasd dddddddddddddddddd dddd dddddd ddddd ddddddd  ddddddddddddddddasd dddddddddddddddddd dddd dddddd ddddd ddddddd  ddddddddddddddddasd dddddddddddddddddd dddd dddddd ddddd ddddddd  ddddddddddddddddasd dddddddddddddddddd dddd dddddd ddddd ddddddd  ddddddddddddddddasd dddddddddddddddddd dddd dddddd ddddd ddddddd  ddddddddddddddddasd dddddddddddddddddd dddd dddddd ddddd ddddddd  ddddddddddddddddasd dddddddddddddddddd dddd dddddd ddddd ddddddd  ddddddddddddddddasd dddddddddddddddddd dddd dddddd ddddd ddddddd  ddddddddddddddddasd dddddddddddddddddd dddd dddddd ddddd ddddddd  ddddddddddddddddasd dddddddddddddddddd dddd dddddd ddddd ddddddd  ddddddddddddddddasd dddddddddddddddddd dddd dddddd ddddd ddddddd  ddddddddddddddddasd dddddddddddddddddd dddd dddddd ddddd ddddddd  ddddddddddddddddasd dddddddddddddddddd dddd dddddd ddddd ddddddd  ddddddddddddddddasd dddddddddddddddddd dddd dddddd ddddd ddddddd  ddddddddddddddddasd dddddddddddddddddd dddd dddddd ddddd ddddddd  ddddddddddddddddasd dddddddddddddddddd dddd dddddd ddddd ddddddd  ddddddddddddddddasd dddddddddddddddddd dddd dddddd ddddd ddddddd  ddddddddddddddddasd dddddddddddddddddd dddd dddddd ddddd ddddddd  ddddddddddddddddv\"}}]", "revision": 3}}, {"pk": 6, "model": "reversion.version", "fields": {"format": "json", "object_repr": "RegisterToken object", "object_id": "1", "content_type": 58, "object_id_int": 1, "serialized_data": "[{\"pk\": 1, \"model\": \"feedback.registertoken\", \"fields\": {\"fbr\": 1, \"token\": \"e1a283bcc7a64a9fad0fde8bfa1bf96a\", \"created\": \"2015-01-21T19:55:28.493Z\"}}]", "revision": 3}}, {"pk": 7, "model": "reversion.version", "fields": {"format": "json", "object_repr": "Kurs med Visma", "object_id": "1", "content_type": 38, "object_id_int": 1, "serialized_data": "[{\"pk\": 1, \"model\": \"events.attendanceevent\", \"fields\": {\"waitlist\": true, \"guest_attendance\": false, \"max_capacity\": 100, \"marks_has_been_set\": false, \"registration_start\": \"2015-01-29T21:00:00+01:00\", \"automatically_set_marks\": false, \"unattend_deadline\": \"2015-01-29T20:00:00+01:00\", \"rule_bundles\": [], \"registration_end\": \"2015-01-23T20:00:00+01:00\"}}]", "revision": 3}}, {"pk": 8, "model": "reversion.version", "fields": {"format": "json", "object_repr": "1: Kurs med Visma", "object_id": "1", "content_type": 47, "object_id_int": 1, "serialized_data": "[{\"pk\": 1, \"model\": \"feedback.feedbackrelation\", \"fields\": {\"feedback\": 1, \"first_mail_sent\": false, \"gives_mark\": true, \"object_id\": 1, \"answered\": [], \"deadline\": \"2015-01-31\", \"content_type\": 32, \"created_date\": \"2015-01-21T19:55:28.487Z\", \"active\": true}}]", "revision": 3}}, {"pk": 9, "model": "reversion.version", "fields": {"format": "json", "object_repr": "", "object_id": "1", "content_type": 40, "object_id_int": 1, "serialized_data": "[{\"pk\": 1, \"model\": \"events.attendee\", \"fields\": {\"attended\": false, \"timestamp\": \"2015-01-21T20:03:08.771Z\", \"paid\": false, \"note\": \"\", \"user\": 1, \"event\": 1}}]", "revision": 4}}, {"pk": 10, "model": "reversion.version", "fields": {"format": "json", "object_repr": "", "object_id": "1", "content_type": 40, "object_id_int": 1, "serialized_data": "[{\"pk\": 1, \"model\": \"events.attendee\", \"fields\": {\"attended\": true, \"timestamp\": \"2015-01-21T20:03:08.771Z\", \"paid\": false, \"note\": \"\", \"user\": 1, \"event\": 1}}]", "revision": 5}}, {"pk": 11, "model": "reversion.version", "fields": {"format": "json", "object_repr": "asd asdas dasd asdasd", "object_id": "1", "content_type": 51, "object_id_int": 1, "serialized_data": "[{\"pk\": 1, \"model\": \"feedback.textanswer\", \"fields\": {\"answer\": \"asd asdas dasd asdasd\", \"question\": 1, \"feedback_relation\": 1}}]", "revision": 6}}, {"pk": 12, "model": "reversion.version", "fields": {"format": "json", "object_repr": "Gjest", "object_id": "1", "content_type": 49, "object_id_int": 1, "serialized_data": "[{\"pk\": 1, \"model\": \"feedback.fieldofstudyanswer\", \"fields\": {\"answer\": 0, \"feedback_relation\": 1}}]", "revision": 6}}, {"pk": 13, "model": "reversion.version", "fields": {"format": "json", "object_repr": "4", "object_id": "1", "content_type": 53, "object_id_int": 1, "serialized_data": "[{\"pk\": 1, \"model\": \"feedback.ratinganswer\", \"fields\": {\"answer\": 4, \"question\": 1, \"feedback_relation\": 1}}]", "revision": 6}}, {"pk": 14, "model": "reversion.version", "fields": {"format": "json", "object_repr": "1: Kurs med Visma", "object_id": "1", "content_type": 47, "object_id_int": 1, "serialized_data": "[{\"pk\": 1, \"model\": \"feedback.feedbackrelation\", \"fields\": {\"feedback\": 1, \"first_mail_sent\": false, \"gives_mark\": true, \"object_id\": 1, \"answered\": [1], \"deadline\": \"2015-01-31\", \"content_type\": 32, \"created_date\": \"2015-01-21T19:55:28.487Z\", \"active\": true}}]", "revision": 6}}, {"pk": 15, "model": "reversion.version", "fields": {"format": "json", "object_repr": "asd@dsa.com", "object_id": "1", "content_type": 22, "object_id_int": 1, "serialized_data": "[{\"pk\": 1, \"model\": \"authentication.email\", \"fields\": {\"verified\": false, \"primary\": true, \"user\": 2, \"email\": \"asd@dsa.com\"}}]", "revision": 7}}, {"pk": 16, "model": "reversion.version", "fields": {"format": "json", "object_repr": "asdfasdf asdfasdfasdf", "object_id": "2", "content_type": 21, "object_id_int": 2, "serialized_data": "[{\"pk\": 2, \"model\": \"authentication.onlineuser\", \"fields\": {\"phone_number\": \"123412344\", \"last_name\": \"asdfasdfasdf\", \"is_staff\": false, \"user_permissions\": [], \"ntnu_username\": \"asdf\", \"date_joined\": \"2015-01-21T21:08:26+01:00\", \"first_name\": \"asdfasdf\", \"allergies\": null, \"website\": \"\", \"is_superuser\": false, \"last_login\": \"2015-01-21T21:08:26+01:00\", \"infomail\": false, \"email\": \"asd@dsa.com\", \"zip_code\": \"1234\", \"username\": \"derp\", \"compiled\": true, \"rfid\": \"\", \"is_active\": true, \"groups\": [], \"address\": \"asd\", \"started_date\": \"2015-01-21\", \"password\": \"asdasd\", \"nickname\": \"\", \"field_of_study\": 12, \"gender\": \"male\", \"mark_rules\": true}}]", "revision": 7}}, {"pk": 17, "model": "reversion.version", "fields": {"format": "json", "object_repr": "", "object_id": "1", "content_type": 40, "object_id_int": 1, "serialized_data": "[{\"pk\": 1, \"model\": \"events.attendee\", \"fields\": {\"attended\": false, \"timestamp\": \"2015-01-21T20:03:08.771Z\", \"paid\": false, \"note\": \"\", \"user\": 1, \"event\": 1}}]", "revision": 8}}, {"pk": 18, "model": "reversion.version", "fields": {"format": "json", "object_repr": "asdfasdf asdfasdfasdf", "object_id": "2", "content_type": 40, "object_id_int": 2, "serialized_data": "[{\"pk\": 2, \"model\": \"events.attendee\", \"fields\": {\"attended\": true, \"timestamp\": \"2015-01-21T20:12:02.109Z\", \"paid\": false, \"note\": \"\", \"user\": 2, \"event\": 1}}]", "revision": 9}}, {"pk": 19, "model": "reversion.version", "fields": {"format": "json", "object_repr": "1: Kurs med Visma", "object_id": "1", "content_type": 47, "object_id_int": 1, "serialized_data": "[{\"pk\": 1, \"model\": \"feedback.feedbackrelation\", \"fields\": {\"feedback\": 1, \"first_mail_sent\": false, \"gives_mark\": true, \"object_id\": 1, \"answered\": [], \"deadline\": \"2015-01-31\", \"content_type\": 32, \"created_date\": \"2015-01-21T19:55:28.487Z\", \"active\": true}}]", "revision": 10}}, {"pk": 20, "model": "reversion.version", "fields": {"format": "json", "object_repr": "", "object_id": "1", "content_type": 40, "object_id_int": 1, "serialized_data": "[{\"pk\": 1, \"model\": \"events.attendee\", \"fields\": {\"attended\": true, \"timestamp\": \"2015-01-21T20:03:08.771Z\", \"paid\": false, \"note\": \"\", \"user\": 1, \"event\": 1}}]", "revision": 11}}, {"pk": 21, "model": "reversion.version", "fields": {"format": "json", "object_repr": "1: Kurs med Visma", "object_id": "1", "content_type": 47, "object_id_int": 1, "serialized_data": "[{\"pk\": 1, \"model\": \"feedback.feedbackrelation\", \"fields\": {\"feedback\": 1, \"first_mail_sent\": false, \"gives_mark\": true, \"object_id\": 1, \"answered\": [1], \"deadline\": \"2015-01-31\", \"content_type\": 32, \"created_date\": \"2015-01-21T19:55:28.487Z\", \"active\": true}}]", "revision": 12}}, {"pk": 22, "model": "reversion.version", "fields": {"format": "json", "object_repr": "asdasdasd", "object_id": "2", "content_type": 51, "object_id_int": 2, "serialized_data": "[{\"pk\": 2, \"model\": \"feedback.textanswer\", \"fields\": {\"answer\": \"asdasdasd\", \"question\": 1, \"feedback_relation\": 1}}]", "revision": 12}}, {"pk": 23, "model": "reversion.version", "fields": {"format": "json", "object_repr": "2", "object_id": "2", "content_type": 53, "object_id_int": 2, "serialized_data": "[{\"pk\": 2, \"model\": \"feedback.ratinganswer\", \"fields\": {\"answer\": 2, \"question\": 1, \"feedback_relation\": 1}}]", "revision": 12}}, {"pk": 24, "model": "reversion.version", "fields": {"format": "json", "object_repr": "Gjest", "object_id": "2", "content_type": 49, "object_id_int": 2, "serialized_data": "[{\"pk\": 2, \"model\": \"feedback.fieldofstudyanswer\", \"fields\": {\"answer\": 0, \"feedback_relation\": 1}}]", "revision": 12}}, {"pk": 25, "model": "reversion.version", "fields": {"format": "json", "object_repr": "", "object_id": "1", "content_type": 21, "object_id_int": 1, "serialized_data": "[{\"pk\": 1, \"model\": \"authentication.onlineuser\", \"fields\": {\"phone_number\": null, \"last_name\": \"\", \"is_staff\": true, \"user_permissions\": [], \"ntnu_username\": null, \"date_joined\": \"2015-01-21T19:50:24.032Z\", \"first_name\": \"\", \"allergies\": null, \"website\": null, \"is_superuser\": true, \"last_login\": \"2015-01-28T18:36:02.913Z\", \"infomail\": false, \"email\": \"asd@asd.com\", \"zip_code\": null, \"username\": \"thb\", \"compiled\": false, \"rfid\": null, \"is_active\": true, \"groups\": [], \"address\": null, \"started_date\": \"2015-01-21\", \"password\": \"pbkdf2_sha256$12000$9tpw7a7LBZzE$jDnB4aOl0xbxrTkLTgmcUlyVHSJ+f2HGluSTVhRgiFw=\", \"nickname\": null, \"field_of_study\": 0, \"gender\": \"male\", \"mark_rules\": false}}]", "revision": 13}}, {"pk": 26, "model": "reversion.version", "fields": {"format": "json", "object_repr": "1: Kurs med Visma", "object_id": "1", "content_type": 47, "object_id_int": 1, "serialized_data": "[{\"pk\": 1, \"model\": \"feedback.feedbackrelation\", \"fields\": {\"feedback\": 1, \"first_mail_sent\": false, \"gives_mark\": true, \"object_id\": 1, \"answered\": [], \"deadline\": \"2015-01-31\", \"content_type\": 32, \"created_date\": \"2015-01-21T19:55:28.487Z\", \"active\": true}}]", "revision": 14}}, {"pk": 27, "model": "reversion.version", "fields": {"format": "json", "object_repr": "", "object_id": "1", "content_type": 40, "object_id_int": 1, "serialized_data": "[{\"pk\": 1, \"model\": \"events.attendee\", \"fields\": {\"attended\": false, \"timestamp\": \"2015-01-21T20:03:08.771Z\", \"paid\": false, \"note\": \"\", \"user\": 1, \"event\": 1}}]", "revision": 15}}, {"pk": 28, "model": "reversion.version", "fields": {"format": "json", "object_repr": "", "object_id": "1", "content_type": 40, "object_id_int": 1, "serialized_data": "[{\"pk\": 1, \"model\": \"events.attendee\", \"fields\": {\"attended\": true, \"timestamp\": \"2015-01-21T20:03:08.771Z\", \"paid\": false, \"note\": \"\", \"user\": 1, \"event\": 1}}]", "revision": 16}}, {"pk": 29, "model": "reversion.version", "fields": {"format": "json", "object_repr": "", "object_id": "1", "content_type": 40, "object_id_int": 1, "serialized_data": "[{\"pk\": 1, \"model\": \"events.attendee\", \"fields\": {\"attended\": false, \"timestamp\": \"2015-01-21T20:03:08.771Z\", \"paid\": false, \"note\": \"\", \"user\": 1, \"event\": 1}}]", "revision": 17}}, {"pk": 30, "model": "reversion.version", "fields": {"format": "json", "object_repr": "asdfasdf asdfasdfasdf", "object_id": "2", "content_type": 40, "object_id_int": 2, "serialized_data": "[{\"pk\": 2, \"model\": \"events.attendee\", \"fields\": {\"attended\": false, \"timestamp\": \"2015-01-21T20:12:02.109Z\", \"paid\": false, \"note\": \"\", \"user\": 2, \"event\": 1}}]", "revision": 18}}, {"pk": 31, "model": "reversion.version", "fields": {"format": "json", "object_repr": "", "object_id": "1", "content_type": 21, "object_id_int": 1, "serialized_data": "[{\"pk\": 1, \"model\": \"authentication.onlineuser\", \"fields\": {\"phone_number\": null, \"last_name\": \"\", \"is_staff\": true, \"user_permissions\": [], \"ntnu_username\": null, \"date_joined\": \"2015-01-21T19:50:24.032Z\", \"first_name\": \"\", \"allergies\": null, \"website\": null, \"is_superuser\": true, \"last_login\": \"2015-02-11T18:23:37.906Z\", \"infomail\": false, \"email\": \"asd@asd.com\", \"zip_code\": null, \"username\": \"thb\", \"compiled\": false, \"rfid\": null, \"is_active\": true, \"groups\": [], \"address\": null, \"started_date\": \"2015-01-21\", \"password\": \"pbkdf2_sha256$12000$9tpw7a7LBZzE$jDnB4aOl0xbxrTkLTgmcUlyVHSJ+f2HGluSTVhRgiFw=\", \"nickname\": null, \"field_of_study\": 0, \"gender\": \"male\", \"mark_rules\": false}}]", "revision": 19}}, {"pk": 1, "model": "watson.searchentry", "fields": {"engine_slug": "default", "meta_encoded": "{}", "description": "", "title": "", "url": "/profile/thb/", "object_id": "1", "content": "  None None", "content_type": 21, "object_id_int": 1}}, {"pk": 2, "model": "watson.searchentry", "fields": {"engine_slug": "default", "meta_encoded": "{}", "description": "", "title": "Kurs med Visma", "url": "/events/1/kurs-med-visma/", "object_id": "1", "content": "Kurs med Visma P15 asd dddddddddddddddddd dddd dddddd ddddd ddddddd  dddddddddddddddd asd dddddddddddddddddd dddd dddddd ddddd ddddddd  ddddddddddddddddasd dddddddddddddddddd dddd dddddd ddddd ddddddd  ddddddddddddddddasd dddddddddddddddddd dddd dddddd ddddd ddddddd  ddddddddddddddddasd dddddddddddddddddd dddd dddddd ddddd ddddddd  ddddddddddddddddasd dddddddddddddddddd dddd dddddd ddddd ddddddd  ddddddddddddddddasd dddddddddddddddddd dddd dddddd ddddd ddddddd  ddddddddddddddddasd dddddddddddddddddd dddd dddddd ddddd ddddddd  ddddddddddddddddasd dddddddddddddddddd dddd dddddd ddddd ddddddd  ddddddddddddddddasd dddddddddddddddddd dddd dddddd ddddd ddddddd  ddddddddddddddddasd dddddddddddddddddd dddd dddddd ddddd ddddddd  dddddddddddddddd asd dddddddddddddddddd dddd dddddd ddddd ddddddd  ddddddddddddddddasd dddddddddddddddddd dddd dddddd ddddd ddddddd  ddddddddddddddddasd dddddddddddddddddd dddd dddddd ddddd ddddddd  ddddddddddddddddasd dddddddddddddddddd dddd dddddd ddddd ddddddd  ddddddddddddddddasd dddddddddddddddddd dddd dddddd ddddd ddddddd  ddddddddddddddddasd dddddddddddddddddd dddd dddddd ddddd ddddddd  ddddddddddddddddasd dddddddddddddddddd dddd dddddd ddddd ddddddd  ddddddddddddddddasd dddddddddddddddddd dddd dddddd ddddd ddddddd  ddddddddddddddddasd dddddddddddddddddd dddd dddddd ddddd ddddddd  ddddddddddddddddasd dddddddddddddddddd dddd dddddd ddddd ddddddd  ddddddddddddddddasd dddddddddddddddddd dddd dddddd ddddd ddddddd  ddddddddddddddddasd dddddddddddddddddd dddd dddddd ddddd ddddddd  ddddddddddddddddasd dddddddddddddddddd dddd dddddd ddddd ddddddd  ddddddddddddddddasd dddddddddddddddddd dddd dddddd ddddd ddddddd  ddddddddddddddddasd dddddddddddddddddd dddd dddddd ddddd ddddddd  ddddddddddddddddasd dddddddddddddddddd dddd dddddd ddddd ddddddd  ddddddddddddddddasd dddddddddddddddddd dddd dddddd ddddd ddddddd  ddddddddddddddddasd dddddddddddddddddd dddd dddddd ddddd ddddddd  ddddddddddddddddasd dddddddddddddddddd dddd dddddd ddddd ddddddd  ddddddddddddddddasd dddddddddddddddddd dddd dddddd ddddd ddddddd  ddddddddddddddddasd dddddddddddddddddd dddd dddddd ddddd ddddddd  ddddddddddddddddasd dddddddddddddddddd dddd dddddd ddddd ddddddd  ddddddddddddddddasd dddddddddddddddddd dddd dddddd ddddd ddddddd  ddddddddddddddddasd dddddddddddddddddd dddd dddddd ddddd ddddddd  ddddddddddddddddasd dddddddddddddddddd dddd dddddd ddddd ddddddd  ddddddddddddddddasd dddddddddddddddddd dddd dddddd ddddd ddddddd  ddddddddddddddddasd dddddddddddddddddd dddd dddddd ddddd ddddddd  ddddddddddddddddv ", "content_type": 32, "object_id_int": 1}}, {"pk": 3, "model": "watson.searchentry", "fields": {"engine_slug": "default", "meta_encoded": "{}", "description": "", "title": "asdfasdf asdfasdfasdf", "url": "/profile/derp/", "object_id": "2", "content": "asdfasdf asdfasdfasdf asdf ", "content_type": 21, "object_id_int": 2}}, {"pk": 4, "model": "watson.searchentry", "fields": {"engine_slug": "default", "meta_encoded": "{}", "description": "", "title": "", "url": "/profile/anonymoususer/", "object_id": "-1", "content": "  None None", "content_type": 21, "object_id_int": -1}}, {"pk": -1, "model": "authentication.onlineuser", "fields": {"phone_number": null, "last_name": "", "is_staff": false, "user_permissions": [], "ntnu_username": null, "date_joined": "2015-02-11T18:23:18.101Z", "first_name": "", "allergies": null, "website": null, "is_superuser": false, "last_login": "2015-02-11T18:23:18.101Z", "infomail": false, "email": "", "zip_code": null, "username": "anonymoususer", "compiled": false, "rfid": null, "is_active": true, "groups": [], "address": null, "started_date": "2015-02-11", "password": "", "nickname": null, "field_of_study": 0, "gender": "male", "mark_rules": false}}, {"pk": 1, "model": "authentication.onlineuser", "fields": {"phone_number": null, "last_name": "", "is_staff": true, "user_permissions": [], "ntnu_username": null, "date_joined": "2015-01-21T19:50:24.032Z", "first_name": "", "allergies": null, "website": null, "is_superuser": true, "last_login": "2015-02-11T18:23:37.906Z", "infomail": false, "email": "asd@asd.com", "zip_code": null, "username": "thb", "compiled": false, "rfid": null, "is_active": true, "groups": [], "address": null, "started_date": "2015-01-21", "password": "pbkdf2_sha256$12000$9tpw7a7LBZzE$jDnB4aOl0xbxrTkLTgmcUlyVHSJ+f2HGluSTVhRgiFw=", "nickname": null, "field_of_study": 0, "gender": "male", "mark_rules": false}}, {"pk": 2, "model": "authentication.onlineuser", "fields": {"phone_number": "123412344", "last_name": "asdfasdfasdf", "is_staff": false, "user_permissions": [], "ntnu_username": "asdf", "date_joined": "2015-01-21T20:08:26Z", "first_name": "asdfasdf", "allergies": null, "website": "", "is_superuser": false, "last_login": "2015-01-21T20:08:26Z", "infomail": false, "email": "asd@dsa.com", "zip_code": "1234", "username": "derp", "compiled": true, "rfid": "", "is_active": true, "groups": [], "address": "asd", "started_date": "2015-01-21", "password": "asdasd", "nickname": "", "field_of_study": 12, "gender": "male", "mark_rules": true}}, {"pk": 1, "model": "authentication.email", "fields": {"verified": false, "primary": true, "user": 2, "email": "asd@dsa.com"}}, {"pk": 1, "model": "events.event", "fields": {"ingress": "asd dddddddddddddddddd dddd dddddd ddddd ddddddd  ddddddddddddddddasd dddddddddddddddddd dddd dddddd ddddd ddddddd  ddddddddddddddddasd dddddddddddddddddd dddd dddddd ddddd ddddddd  ddddddddddddddddasd dddddddddddddddddd dddd dddddd ddddd ddddddd  ddddddddddddddddasd dddddddddddddddddd dddd dddddd ddddd ddddddd  ddddddddddddddddasd dddddddddddddddddd dddd dddddd ddddd ddddddd  ddddddddddddddddasd dddddddddddddddddd dddd dddddd ddddd ddddddd  ddddddddddddddddasd dddddddddddddddddd dddd dddddd ddddd ddddddd  ddddddddddddddddasd dddddddddddddddddd dddd dddddd ddddd ddddddd  ddddddddddddddddasd dddddddddddddddddd dddd dddddd ddddd ddddddd  dddddddddddddddd", "author": 1, "title": "Kurs med Visma", "image": "", "event_end": "2015-01-31T15:00:00Z", "event_start": "2015-01-30T11:00:00Z", "location": "P15", "event_type": 3, "ingress_short": "asd dddddddddddddddddd dddd dddddd ddddd ddddddd  dddddddddddddddd", "description": "asd dddddddddddddddddd dddd dddddd ddddd ddddddd  ddddddddddddddddasd dddddddddddddddddd dddd dddddd ddddd ddddddd  ddddddddddddddddasd dddddddddddddddddd dddd dddddd ddddd ddddddd  ddddddddddddddddasd dddddddddddddddddd dddd dddddd ddddd ddddddd  ddddddddddddddddasd dddddddddddddddddd dddd dddddd ddddd ddddddd  ddddddddddddddddasd dddddddddddddddddd dddd dddddd ddddd ddddddd  ddddddddddddddddasd dddddddddddddddddd dddd dddddd ddddd ddddddd  ddddddddddddddddasd dddddddddddddddddd dddd dddddd ddddd ddddddd  ddddddddddddddddasd dddddddddddddddddd dddd dddddd ddddd ddddddd  ddddddddddddddddasd dddddddddddddddddd dddd dddddd ddddd ddddddd  ddddddddddddddddasd dddddddddddddddddd dddd dddddd ddddd ddddddd  ddddddddddddddddasd dddddddddddddddddd dddd dddddd ddddd ddddddd  ddddddddddddddddasd dddddddddddddddddd dddd dddddd ddddd ddddddd  ddddddddddddddddasd dddddddddddddddddd dddd dddddd ddddd ddddddd  ddddddddddddddddasd dddddddddddddddddd dddd dddddd ddddd ddddddd  ddddddddddddddddasd dddddddddddddddddd dddd dddddd ddddd ddddddd  ddddddddddddddddasd dddddddddddddddddd dddd dddddd ddddd ddddddd  ddddddddddddddddasd dddddddddddddddddd dddd dddddd ddddd ddddddd  ddddddddddddddddasd dddddddddddddddddd dddd dddddd ddddd ddddddd  ddddddddddddddddasd dddddddddddddddddd dddd dddddd ddddd ddddddd  ddddddddddddddddasd dddddddddddddddddd dddd dddddd ddddd ddddddd  ddddddddddddddddasd dddddddddddddddddd dddd dddddd ddddd ddddddd  ddddddddddddddddasd dddddddddddddddddd dddd dddddd ddddd ddddddd  ddddddddddddddddasd dddddddddddddddddd dddd dddddd ddddd ddddddd  ddddddddddddddddasd dddddddddddddddddd dddd dddddd ddddd ddddddd  ddddddddddddddddasd dddddddddddddddddd dddd dddddd ddddd ddddddd  ddddddddddddddddasd dddddddddddddddddd dddd dddddd ddddd ddddddd  ddddddddddddddddv"}}, {"pk": 1, "model": "events.attendee", "fields": {"attended": false, "timestamp": "2015-01-21T20:03:08.771Z", "paid": false, "note": "", "user": 1, "event": 1}}, {"pk": 2, "model": "events.attendee", "fields": {"attended": false, "timestamp": "2015-01-21T20:12:02.109Z", "paid": false, "note": "", "user": 2, "event": 1}}, {"pk": 1, "model": "feedback.feedbackrelation", "fields": {"feedback": 1, "first_mail_sent": false, "gives_mark": true, "object_id": 1, "answered": [], "deadline": "2015-01-31", "content_type": 32, "created_date": "2015-01-21T19:55:28.487Z", "active": true}}, {"pk": 1, "model": "feedback.feedback", "fields": {"display_field_of_study": true, "display_info": true, "description": "Kurs", "author": 1}}, {"pk": 1, "model": "admin.logentry", "fields": {"action_flag": 1, "action_time": "2015-01-21T19:54:50.749Z", "object_repr": "Kurs", "object_id": "1", "change_message": "", "user": 1, "content_type": 48}}, {"pk": 2, "model": "admin.logentry", "fields": {"action_flag": 1, "action_time": "2015-01-21T19:55:28.494Z", "object_repr": "Kurs med Visma", "object_id": "1", "change_message": "", "user": 1, "content_type": 32}}, {"pk": 3, "model": "admin.logentry", "fields": {"action_flag": 1, "action_time": "2015-01-21T20:03:08.772Z", "object_repr": "", "object_id": "1", "change_message": "", "user": 1, "content_type": 40}}, {"pk": 4, "model": "admin.logentry", "fields": {"action_flag": 2, "action_time": "2015-01-21T20:04:22.161Z", "object_repr": "", "object_id": "1", "change_message": "Endret attended.", "user": 1, "content_type": 40}}, {"pk": 5, "model": "admin.logentry", "fields": {"action_flag": 1, "action_time": "2015-01-21T20:11:28.003Z", "object_repr": "asdfasdf asdfasdfasdf", "object_id": "2", "change_message": "", "user": 1, "content_type": 21}}, {"pk": 6, "model": "admin.logentry", "fields": {"action_flag": 2, "action_time": "2015-01-21T20:11:48.013Z", "object_repr": "", "object_id": "1", "change_message": "Endret attended.", "user": 1, "content_type": 40}}, {"pk": 7, "model": "admin.logentry", "fields": {"action_flag": 1, "action_time": "2015-01-21T20:12:02.110Z", "object_repr": "asdfasdf asdfasdfasdf", "object_id": "2", "change_message": "", "user": 1, "content_type": 40}}, {"pk": 8, "model": "admin.logentry", "fields": {"action_flag": 2, "action_time": "2015-01-21T20:12:47.460Z", "object_repr": "1: Kurs med Visma", "object_id": "1", "change_message": "Endret answered.", "user": 1, "content_type": 47}}, {"pk": 9, "model": "admin.logentry", "fields": {"action_flag": 2, "action_time": "2015-01-21T21:08:20.331Z", "object_repr": "", "object_id": "1", "change_message": "Endret attended.", "user": 1, "content_type": 40}}, {"pk": 10, "model": "admin.logentry", "fields": {"action_flag": 2, "action_time": "2015-01-28T18:36:58.832Z", "object_repr": "1: Kurs med Visma", "object_id": "1", "change_message": "Endret answered.", "user": 1, "content_type": 47}}, {"pk": 11, "model": "admin.logentry", "fields": {"action_flag": 2, "action_time": "2015-01-28T18:37:29.431Z", "object_repr": "", "object_id": "1", "change_message": "Endret attended.", "user": 1, "content_type": 40}}, {"pk": 12, "model": "admin.logentry", "fields": {"action_flag": 2, "action_time": "2015-01-28T18:38:14.979Z", "object_repr": "", "object_id": "1", "change_message": "Endret attended.", "user": 1, "content_type": 40}}, {"pk": 13, "model": "admin.logentry", "fields": {"action_flag": 2, "action_time": "2015-01-28T18:38:29.032Z", "object_repr": "", "object_id": "1", "change_message": "Endret attended.", "user": 1, "content_type": 40}}, {"pk": 14, "model": "admin.logentry", "fields": {"action_flag": 2, "action_time": "2015-01-28T18:38:35.207Z", "object_repr": "asdfasdf asdfasdfasdf", "object_id": "2", "change_message": "Endret attended.", "user": 1, "content_type": 40}}, {"pk": 1, "model": "reversion.revision", "fields": {"comment": "", "date_created": "2015-01-21T19:50:46.276Z", "manager_slug": "default", "user": 1}}, {"pk": 2, "model": "reversion.revision", "fields": {"comment": "", "date_created": "2015-01-21T19:54:50.760Z", "manager_slug": "default", "user": 1}}, {"pk": 3, "model": "reversion.revision", "fields": {"comment": "", "date_created": "2015-01-21T19:55:28.516Z", "manager_slug": "default", "user": 1}}, {"pk": 4, "model": "reversion.revision", "fields": {"comment": "", "date_created": "2015-01-21T20:03:08.783Z", "manager_slug": "default", "user": 1}}, {"pk": 5, "model": "reversion.revision", "fields": {"comment": "", "date_created": "2015-01-21T20:04:22.168Z", "manager_slug": "default", "user": 1}}, {"pk": 6, "model": "reversion.revision", "fields": {"comment": "", "date_created": "2015-01-21T20:05:02.281Z", "manager_slug": "default", "user": 1}}, {"pk": 7, "model": "reversion.revision", "fields": {"comment": "", "date_created": "2015-01-21T20:11:28.015Z", "manager_slug": "default", "user": 1}}, {"pk": 8, "model": "reversion.revision", "fields": {"comment": "", "date_created": "2015-01-21T20:11:48.020Z", "manager_slug": "default", "user": 1}}, {"pk": 9, "model": "reversion.revision", "fields": {"comment": "", "date_created": "2015-01-21T20:12:02.120Z", "manager_slug": "default", "user": 1}}, {"pk": 10, "model": "reversion.revision", "fields": {"comment": "", "date_created": "2015-01-21T20:12:47.470Z", "manager_slug": "default", "user": 1}}, {"pk": 11, "model": "reversion.revision", "fields": {"comment": "", "date_created": "2015-01-21T21:08:20.347Z", "manager_slug": "default", "user": 1}}, {"pk": 12, "model": "reversion.revision", "fields": {"comment": "", "date_created": "2015-01-21T21:08:43.512Z", "manager_slug": "default", "user": 1}}, {"pk": 13, "model": "reversion.revision", "fields": {"comment": "", "date_created": "2015-01-28T18:36:02.951Z", "manager_slug": "default", "user": 1}}, {"pk": 14, "model": "reversion.revision", "fields": {"comment": "", "date_created": "2015-01-28T18:36:58.842Z", "manager_slug": "default", "user": 1}}, {"pk": 15, "model": "reversion.revision", "fields": {"comment": "", "date_created": "2015-01-28T18:37:29.444Z", "manager_slug": "default", "user": 1}}, {"pk": 16, "model": "reversion.revision", "fields": {"comment": "", "date_created": "2015-01-28T18:38:14.990Z", "manager_slug": "default", "user": 1}}, {"pk": 17, "model": "reversion.revision", "fields": {"comment": "", "date_created": "2015-01-28T18:38:29.044Z", "manager_slug": "default", "user": 1}}, {"pk": 18, "model": "reversion.revision", "fields": {"comment": "", "date_created": "2015-01-28T18:38:35.218Z", "manager_slug": "default", "user": 1}}, {"pk": 19, "model": "reversion.revision", "fields": {"comment": "", "date_created": "2015-02-11T18:23:37.954Z", "manager_slug": "default", "user": 1}}]